session,cycle,slot,label,arm,inner,status,launches,wall_s,launches_per_s,power_w,power_sd_w,samples,attempts,sample_failures,pre_idle_w,pre_idle_samples,delta_w,aiclk_mhz,temp_c,sysfs_aiclk_mean,sysfs_aiclk_min,sysfs_aiclk_max,sysfs_aiclk_drift_pct,sysfs_arcclk_mean,therm_trip_delta,clock_samples,power_bracket_w,bracket_lag_s,bracket_samples,tt_smi_version,note
20260813T134114,0,0,baseline,baseline,0,ok,0,40,0,36.7917,1.1025,24,24,0,36.0000,2,0.7917,800.0,38.5,800.0,800.0,800.0,0.000,800.0,0,96,,,0,6.2.0,
20260813T134114,0,1,idle-0,idle,0,ok,34036,48.001242,709.065,64.6000,1.2175,35,35,0,37.5000,2,27.1000,1350.0,46.7,1350.0,1350.0,1350.0,0.000,800.0,0,139,,,0,6.2.0,
20260813T134114,0,2,rv-200000,rv,200000,ok,19588,48.002432,408.063,67.0000,0.4924,34,34,0,38.5000,2,28.5000,1350.0,51.1,1350.0,1350.0,1350.0,0.000,800.0,0,138,,,0,6.2.0,
20260813T134114,0,3,noc-4096,noc,4096,ok,16362,48.000633,340.871,67.5882,0.7014,34,34,0,38.0000,2,29.5882,1350.0,52.8,1350.0,1350.0,1350.0,0.000,800.0,0,138,,,0,6.2.0,
20260813T134114,0,4,mm-4096,mm,4096,ok,29599,48.000049,616.645,68.1714,1.0428,35,35,0,40.0000,2,28.1714,1350.0,53.5,1350.0,1350.0,1350.0,0.000,800.0,0,138,,,0,6.2.0,
20260813T134114,0,5,sfpu-4096,sfpu,4096,ok,23820,48.001008,496.240,67.9412,0.8856,34,34,0,39.0000,2,28.9412,1350.0,54.0,1350.0,1350.0,1350.0,0.000,800.0,0,138,,,0,6.2.0,
20260813T134114,0,6,rv-800000,rv,800000,ok,8630,48.003313,179.779,68.0588,0.8507,34,34,0,39.0000,2,29.0588,1350.0,54.2,1349.9,1343.0,1350.0,0.519,800.0,0,138,,,0,6.2.0,
20260813T134114,0,7,noc-16384,noc,16384,ok,6415,48.007289,133.626,68.3529,0.8486,34,34,0,39.0000,2,29.3529,1350.0,54.5,1350.0,1350.0,1350.0,0.000,800.0,0,138,,,0,6.2.0,
20260813T134114,0,8,mm-16384,mm,16384,ok,21448,48.000564,446.828,68.8235,0.9365,34,34,0,39.0000,2,29.8235,1350.0,54.6,1350.0,1350.0,1350.0,0.000,800.0,0,137,,,0,6.2.0,
20260813T134114,0,9,sfpu-16384,sfpu,16384,ok,12651,48.003055,263.546,68.2941,0.6291,34,34,0,39.0000,2,29.2941,1350.0,54.5,1349.9,1343.0,1350.0,0.519,800.0,0,138,,,0,6.2.0,
20260813T134114,0,10,noc-4096__control,noc,4096,ok,16365,48.000929,340.931,68.2647,0.6656,34,34,0,39.0000,2,29.2647,1350.0,54.6,1350.0,1350.0,1350.0,0.000,800.0,0,137,,,0,6.2.0,
20260813T134114,1,0,baseline,baseline,0,ok,0,40,0,38.4783,0.5108,23,23,0,39.0000,2,-0.5217,800.0,46.6,800.0,800.0,800.0,0.000,800.0,0,96,,,0,6.2.0,
20260813T134114,1,1,idle-0,idle,0,ok,34052,48.000456,709.410,66.6667,0.9574,33,33,0,37.5000,2,29.1667,1350.0,50.5,1349.9,1343.0,1350.0,0.519,800.0,0,138,,,0,6.2.0,
20260813T134114,1,2,rv-200000,rv,200000,ok,19616,48.001792,408.651,67.6667,0.7773,33,33,0,38.5000,2,29.1667,1350.0,53.0,1349.9,1343.0,1350.0,0.519,800.0,0,137,,,0,6.2.0,
20260813T134114,1,3,noc-4096,noc,4096,ok,16379,48.001427,341.219,67.9118,0.9651,34,34,0,39.0000,2,28.9118,1350.0,53.8,1350.0,1350.0,1350.0,0.000,800.0,0,137,,,0,6.2.0,
20260813T134114,1,4,mm-4096,mm,4096,ok,29477,48.001332,614.087,68.2059,1.0668,34,34,0,40.5000,2,27.7059,1350.0,54.2,1350.0,1350.0,1350.0,0.000,800.0,0,137,,,0,6.2.0,
20260813T134114,1,5,sfpu-4096,sfpu,4096,ok,23828,48.001443,496.402,68.3529,0.8121,34,34,0,42.0000,2,26.3529,1350.0,54.4,1350.0,1350.0,1350.0,0.000,800.0,0,138,,,0,6.2.0,
20260813T134114,1,6,rv-800000,rv,800000,ok,8628,48.000365,179.749,68.2647,0.8637,34,34,0,39.0000,2,29.2647,1350.0,54.4,1350.0,1350.0,1350.0,0.000,800.0,0,137,,,0,6.2.0,
20260813T134114,1,7,noc-16384,noc,16384,ok,6413,48.000256,133.603,68.1765,0.7165,34,34,0,39.0000,2,29.1765,1350.0,54.5,1350.0,1350.0,1350.0,0.000,800.0,0,137,,,0,6.2.0,
20260813T134114,1,8,mm-16384,mm,16384,ok,21441,48.001511,446.673,68.6857,0.9322,35,35,0,39.0000,2,29.6857,1350.0,54.6,1350.0,1350.0,1350.0,0.000,800.0,0,137,,,0,6.2.0,
20260813T134114,1,9,sfpu-16384,sfpu,16384,ok,12593,48.002559,262.340,68.2353,0.6541,34,34,0,39.0000,2,29.2353,1350.0,54.5,1350.0,1350.0,1350.0,0.000,800.0,0,137,,,0,6.2.0,
20260813T134114,1,10,noc-4096__control,noc,4096,ok,16375,48.000449,341.143,68.3333,0.7360,33,33,0,39.0000,2,29.3333,1350.0,54.5,1350.0,1350.0,1350.0,0.000,800.0,0,137,,,0,6.2.0,
20260813T134114,2,0,baseline,baseline,0,ok,0,40,0,39.0870,1.3455,23,23,0,39.0000,2,0.0870,800.0,46.7,800.0,800.0,800.0,0.000,800.0,0,96,,,0,6.2.0,
20260813T134114,2,1,idle-0,idle,0,ok,34129,48.000900,711.008,66.7273,0.6742,33,33,0,38.0000,2,28.7273,1350.0,50.5,1349.9,1343.0,1350.0,0.519,800.0,0,137,,,0,6.2.0,
20260813T134114,2,2,rv-200000,rv,200000,ok,19593,48.001887,408.171,67.8824,0.9134,34,34,0,41.5000,2,26.3824,1350.0,53.0,1349.9,1343.0,1350.0,0.519,800.0,0,138,,,0,6.2.0,
20260813T134114,2,3,noc-4096,noc,4096,ok,16324,48.002000,340.069,68.2727,0.8758,33,33,0,39.0000,2,29.2727,1350.0,54.0,1350.0,1350.0,1350.0,0.000,800.0,0,138,,,0,6.2.0,
20260813T134114,2,4,mm-4096,mm,4096,ok,29618,48.001067,617.028,68.3636,0.8594,33,33,0,39.0000,2,29.3636,1350.0,54.3,1350.0,1350.0,1350.0,0.000,800.0,0,137,,,0,6.2.0,
20260813T134114,2,5,sfpu-4096,sfpu,4096,ok,23846,48.000562,496.786,68.3235,0.7675,34,34,0,39.0000,2,29.3235,1349.8,54.5,1349.9,1343.0,1350.0,0.519,800.0,0,137,,,0,6.2.0,
20260813T134114,2,6,rv-800000,rv,800000,ok,8630,48.005087,179.773,68.3529,0.6458,34,34,0,39.0000,2,29.3529,1350.0,54.5,1350.0,1350.0,1350.0,0.000,800.0,0,138,,,0,6.2.0,
20260813T134114,2,7,noc-16384,noc,16384,ok,6416,48.007222,133.647,68.3235,0.7270,34,34,0,39.0000,2,29.3235,1350.0,54.6,1350.0,1350.0,1350.0,0.000,800.0,0,138,,,0,6.2.0,
20260813T134114,2,8,mm-16384,mm,16384,ok,21467,48.001881,447.212,68.6471,1.0977,34,34,0,39.0000,2,29.6471,1350.0,54.6,1350.0,1350.0,1350.0,0.000,800.0,0,139,,,0,6.2.0,
20260813T134114,2,9,sfpu-16384,sfpu,16384,ok,12650,48.000331,263.540,68.3824,0.7392,34,34,0,39.0000,2,29.3824,1350.0,54.6,1350.0,1350.0,1350.0,0.000,800.0,0,138,,,0,6.2.0,
20260813T134114,2,10,noc-4096__control,noc,4096,ok,16366,48.002688,340.939,68.2647,0.7511,34,34,0,39.0000,2,29.2647,1350.0,54.6,1350.0,1350.0,1350.0,0.000,800.0,0,137,,,0,6.2.0,
20260813T134114,3,0,baseline,baseline,0,ok,0,40,0,39.4167,1.5012,24,24,0,40.5000,2,-1.0833,800.0,46.7,800.0,800.0,800.0,0.000,800.0,0,96,,,0,6.2.0,
20260813T134114,3,1,idle-0,idle,0,ok,34091,48.001043,710.214,66.7647,0.8549,34,34,0,37.0000,2,29.7647,1350.0,50.6,1350.0,1350.0,1350.0,0.000,800.0,0,138,,,0,6.2.0,
20260813T134114,3,2,rv-200000,rv,200000,ok,19572,48.000710,407.744,67.3235,0.5888,34,34,0,39.0000,2,28.3235,1350.0,53.0,1350.0,1350.0,1350.0,0.000,800.0,0,138,,,0,6.2.0,
20260813T134114,3,3,noc-4096,noc,4096,ok,16009,48.001845,333.508,67.7714,0.9103,35,35,0,40.5000,2,27.2714,1350.0,53.8,1349.9,1343.0,1350.0,0.519,800.0,0,138,,,0,6.2.0,
20260813T134114,3,4,mm-4096,mm,4096,ok,29468,48.000900,613.905,68.4706,0.8956,34,34,0,39.0000,2,29.4706,1350.0,54.3,1349.9,1343.0,1350.0,0.519,800.0,0,137,,,0,6.2.0,
20260813T134114,3,5,sfpu-4096,sfpu,4096,ok,23769,48.000073,495.187,68.2059,0.6866,34,34,0,39.0000,2,29.2059,1350.0,54.5,1350.0,1350.0,1350.0,0.000,800.0,0,137,,,0,6.2.0,
20260813T134114,3,6,rv-800000,rv,800000,ok,8628,48.000665,179.748,68.3750,0.8707,32,32,0,39.0000,2,29.3750,1350.0,54.6,1350.0,1350.0,1350.0,0.000,800.0,0,135,,,0,6.2.0,
20260813T134114,3,7,noc-16384,noc,16384,ok,6415,48.001389,133.642,68.4412,0.7046,34,34,0,39.0000,2,29.4412,1349.8,54.5,1350.0,1350.0,1350.0,0.000,800.0,0,138,,,0,6.2.0,
20260813T134114,3,8,mm-16384,mm,16384,ok,21435,48.001106,446.552,69.2121,0.8572,33,33,0,39.0000,2,30.2121,1350.0,54.6,1350.0,1350.0,1350.0,0.000,800.0,0,138,,,0,6.2.0,
20260813T134114,3,9,sfpu-16384,sfpu,16384,ok,12566,48.001928,261.781,68.5714,0.6081,35,35,0,39.0000,2,29.5714,1350.0,54.6,1350.0,1350.0,1350.0,0.000,800.0,0,138,,,0,6.2.0,
20260813T134114,3,10,noc-4096__control,noc,4096,ok,16305,48.001066,339.680,68.2941,0.6755,34,34,0,39.0000,2,29.2941,1350.0,54.8,1350.0,1350.0,1350.0,0.000,800.0,0,138,,,0,6.2.0,
20260813T134114,4,0,baseline,baseline,0,ok,0,40,0,39.0435,1.2605,23,23,0,39.0000,2,0.0435,800.0,46.8,800.0,800.0,800.0,0.000,800.0,0,96,,,0,6.2.0,
20260813T134114,4,1,idle-0,idle,0,ok,33361,48.001546,694.998,66.7143,0.7101,35,35,0,38.0000,2,28.7143,1350.0,50.7,1350.0,1350.0,1350.0,0.000,800.0,0,140,,,0,6.2.0,
20260813T134114,4,2,rv-200000,rv,200000,ok,19641,48.001964,409.171,67.9091,0.9139,33,33,0,40.0000,2,27.9091,1350.0,53.2,1350.0,1350.0,1350.0,0.000,800.0,0,136,,,0,6.2.0,
20260813T134114,4,3,noc-4096,noc,4096,ok,16377,48.000447,341.184,68.2353,0.8896,34,34,0,39.0000,2,29.2353,1350.0,54.2,1350.0,1350.0,1350.0,0.000,800.0,0,138,,,0,6.2.0,
20260813T134114,4,4,mm-4096,mm,4096,ok,29520,48.000446,614.994,68.6471,0.8121,34,34,0,40.5000,2,28.1471,1350.0,54.4,1350.0,1350.0,1350.0,0.000,800.0,0,138,,,0,6.2.0,
20260813T134114,4,5,sfpu-4096,sfpu,4096,ok,23832,48.000687,496.493,68.4706,0.7876,34,34,0,39.0000,2,29.4706,1350.0,54.5,1349.9,1343.0,1350.0,0.519,800.0,0,138,,,0,6.2.0,
20260813T134114,4,6,rv-800000,rv,800000,ok,8581,48.004294,178.755,68.2059,0.7699,34,34,0,40.5000,2,27.7059,1350.0,54.5,1350.0,1350.0,1350.0,0.000,800.0,0,138,,,0,6.2.0,
20260813T134114,4,7,noc-16384,noc,16384,ok,6421,48.004190,133.759,68.2059,0.7294,34,34,0,39.0000,2,29.2059,1350.0,54.5,1350.0,1350.0,1350.0,0.000,800.0,0,138,,,0,6.2.0,
20260813T134114,4,8,mm-16384,mm,16384,ok,22267,48.001312,463.883,69.2353,1.2075,34,34,0,40.5000,2,28.7353,1350.0,54.8,1350.0,1350.0,1350.0,0.000,800.0,0,137,,,0,6.2.0,
20260813T134114,4,9,sfpu-16384,sfpu,16384,ok,12643,48.001745,263.386,68.3714,0.5470,35,35,0,39.0000,2,29.3714,1350.0,54.8,1350.0,1350.0,1350.0,0.000,800.0,0,138,,,0,6.2.0,
20260813T134114,4,10,noc-4096__control,noc,4096,ok,16422,48.000516,342.121,68.4286,0.6981,35,35,0,39.0000,2,29.4286,1350.0,54.8,1350.0,1350.0,1350.0,0.000,800.0,0,138,,,0,6.2.0,
20260813T134114,5,0,baseline,baseline,0,ok,0,40,0,38.9583,1.2676,24,24,0,40.5000,2,-1.5417,800.0,46.9,800.0,800.0,800.0,0.000,800.0,0,96,,,0,6.2.0,
20260813T134114,5,1,idle-0,idle,0,ok,34572,48.000360,720.245,66.8286,0.7470,35,35,0,38.0000,2,28.8286,1350.0,50.9,1350.0,1350.0,1350.0,0.000,800.0,0,138,,,0,6.2.0,
20260813T134114,5,2,rv-200000,rv,200000,ok,19560,48.000454,407.496,67.4706,0.7065,34,34,0,39.5000,2,27.9706,1350.0,53.3,1350.0,1350.0,1350.0,0.000,800.0,0,138,,,0,6.2.0,
20260813T134114,5,3,noc-4096,noc,4096,ok,16455,48.002812,342.792,67.7429,0.8859,35,35,0,42.0000,2,25.7429,1350.0,54.1,1350.0,1350.0,1350.0,0.000,800.0,0,138,,,0,6.2.0,
20260813T134114,5,4,mm-4096,mm,4096,ok,29486,48.001369,614.274,68.2647,0.9632,34,34,0,40.0000,2,28.2647,1350.0,54.3,1350.0,1350.0,1350.0,0.000,800.0,0,138,,,0,6.2.0,
20260813T134114,5,5,sfpu-4096,sfpu,4096,ok,23838,48.001399,496.611,68.2857,0.7886,35,35,0,39.0000,2,29.2857,1350.0,54.5,1350.0,1350.0,1350.0,0.000,800.0,0,138,,,0,6.2.0,
20260813T134114,5,6,rv-800000,rv,800000,ok,8618,48.000572,179.540,67.9143,0.8869,35,35,0,39.0000,2,28.9143,1350.0,54.6,1350.0,1350.0,1350.0,0.000,800.0,0,138,,,0,6.2.0,
20260813T134114,5,7,noc-16384,noc,16384,ok,6416,48.003071,133.658,68.3429,0.5392,35,35,0,40.5000,2,27.8429,1350.0,54.8,1350.0,1350.0,1350.0,0.000,800.0,0,138,,,0,6.2.0,
20260813T134114,5,8,mm-16384,mm,16384,ok,21402,48.000140,445.874,68.8000,1.1061,35,35,0,39.0000,2,29.8000,1350.0,54.8,1349.9,1343.0,1350.0,0.519,800.0,0,138,,,0,6.2.0,
20260813T134114,5,9,sfpu-16384,sfpu,16384,ok,12664,48.002058,263.822,68.3429,0.5913,35,35,0,39.0000,2,29.3429,1350.0,54.8,1349.9,1343.0,1350.0,0.519,800.0,0,138,,,0,6.2.0,
20260813T134114,5,10,noc-4096__control,noc,4096,ok,16447,48.000135,342.645,68.5000,0.5641,34,34,0,39.0000,2,29.5000,1350.0,54.8,1350.0,1350.0,1350.0,0.000,800.0,0,138,,,0,6.2.0,
