# nocbench -- 2026-08-09 Blackhole card session, noc probe.
#
# device=blackhole-silicon simulator=no campaign=2026-08-09
# Card is HARVESTED: addressed worker columns {1..7, 10..14}, physical
# {1..6, 11..16}; two chips present, auto-discovery downgrades to a 1x1 mesh.
# Collected by perfbench/run_card_session.sh (probe `noc`).
# Congestion with --shared-sizes 64,512,2048,8192,16384. FLAT at 64/512 B,
# SATURATING at 2K/8K/16K (+2.49/+10.87/+22.49 cycles per shared link).
# r^2 0.34-0.39: these are SHAPE verdicts off poor fits, reproducible to
# 1-6 % across three runs but not well-determined coefficients.
#
# Analysis: docs/plans/cost-model.md, "The second rung-3 sample". A silicon
# measurement is `corroboration`, never provenance -- nothing here is charged.
# PRE-BUILT PLAN for the harvested Blackhole card, so the card box needs no
# tt_sim/ and no numpy/pyyaml. Generated at home by:
#   python3 -m tt_sim.perf.noc_congestion_plan \
#     --grid tt_sim/perf/datasets/nocbench-grid-blackhole.csv \
#     --out perfbench/nocbench/noc-plan-blackhole.csv \
#     --shared-sizes 64,512,2048,8192,16384
# from that card's own 2026-08-05 --dump-grid capture (addressed worker columns
# {1..7, 10..14}; physical {1..6, 11..16}). run_card_session.sh verifies every
# tile named here exists in the card's LIVE dump before using it, and refuses
# rather than measure against a grid this plan was not built for. Regenerate if
# the card, its harvesting, or the experiment arguments change.
# nocbench plan -- built by tt_sim.perf.noc_congestion_plan
# arch=blackhole grid_x=17 grid_y=12 coord_space=translated
# *_lx/_ly logical, *_nx/_ny the coordinate a kernel addresses, *_px/_py SoC-physical NoC 0
# tt_sim_tensix_coords=1-2,1-3,1-4,1-5,1-6,1-7,1-8,1-9,1-10,2-2,2-3,2-4,2-11,3-2,3-4,3-10,4-2,4-4,4-5,5-2,5-4,5-6,6-2,6-3,6-7,7-2,7-4,7-8,10-2,10-4,10-9,11-2,11-4,11-10,12-2,12-4,13-2
# hops: 24 points, 24 flows
# size: 4 points, 4 flows
# readport: 2 points, 3 flows
# shared: 40 points, 80 flows
# measured by nocbench on arch=blackhole magic=0x4E4F4342
run,exp,point,flow,n_flows,mst_lx,mst_ly,mst_nx,mst_ny,mst_px,mst_py,sub_lx,sub_ly,sub_nx,sub_ny,sub_px,sub_py,proc,noc,vc,direction,num_tx,tx_bytes,fwd_hops,rt_hops,shared_payload_links,shared_other_links,measured,cycles,t0,t1,rendezvous_cycles,kernel_node_x,kernel_node_y,kernel_noc
0,hops,row+1,0,1,0,0,1,2,1,2,1,0,2,2,2,2,0,0,1,0,64,4096,1,17,0,0,1,4528,1147976318,1147980846,14,1,2,0
1,hops,row+2,0,1,0,0,1,2,1,2,2,0,3,2,3,2,0,0,1,0,64,4096,2,17,0,0,1,4510,1152800036,1152804546,3,1,2,0
2,hops,row+3,0,1,0,0,1,2,1,2,3,0,4,2,4,2,0,0,1,0,64,4096,3,17,0,0,1,4510,1156944969,1156949479,3,1,2,0
3,hops,row+4,0,1,0,0,1,2,1,2,4,0,5,2,5,2,0,0,1,0,64,4096,4,17,0,0,1,4506,1161251469,1161255975,3,1,2,0
4,hops,row+5,0,1,0,0,1,2,1,2,5,0,6,2,6,2,0,0,1,0,64,4096,5,17,0,0,1,4530,1165614083,1165618613,10,1,2,0
5,hops,row+10,0,1,0,0,1,2,1,2,6,0,7,2,11,2,0,0,1,0,64,4096,10,17,0,0,1,4508,1169735787,1169740295,5,1,2,0
6,hops,row+11,0,1,0,0,1,2,1,2,7,0,10,2,12,2,0,0,1,0,64,4096,11,17,0,0,1,4498,1178323711,1178328209,10,1,2,0
7,hops,row+12,0,1,0,0,1,2,1,2,8,0,11,2,13,2,0,0,1,0,64,4096,12,17,0,0,1,4518,1182960908,1182965426,3,1,2,0
8,hops,col+1,0,1,0,0,1,2,1,2,0,1,1,3,1,3,0,0,1,0,64,4096,1,12,0,0,1,4498,1187662500,1187666998,3,1,2,0
9,hops,col+2,0,1,0,0,1,2,1,2,0,2,1,4,1,4,0,0,1,0,64,4096,2,12,0,0,1,4464,1191832467,1191836931,3,1,2,0
10,hops,col+3,0,1,0,0,1,2,1,2,0,3,1,5,1,5,0,0,1,0,64,4096,3,12,0,0,1,4474,1195925132,1195929606,3,1,2,0
11,hops,col+4,0,1,0,0,1,2,1,2,0,4,1,6,1,6,0,0,1,0,64,4096,4,12,0,0,1,4482,1199801090,1199805572,3,1,2,0
12,hops,col+5,0,1,0,0,1,2,1,2,0,5,1,7,1,7,0,0,1,0,64,4096,5,12,0,0,1,4459,1203843706,1203848165,3,1,2,0
13,hops,col+6,0,1,0,0,1,2,1,2,0,6,1,8,1,8,0,0,1,0,64,4096,6,12,0,0,1,4483,1207926820,1207931303,3,1,2,0
14,hops,col+7,0,1,0,0,1,2,1,2,0,7,1,9,1,9,0,0,1,0,64,4096,7,12,0,0,1,4466,1216384647,1216389113,10,1,2,0
15,hops,col+8,0,1,0,0,1,2,1,2,0,8,1,10,1,10,0,0,1,0,64,4096,8,12,0,0,1,4475,1221119756,1221124231,3,1,2,0
16,hops,diag+2-3,0,1,0,0,1,2,1,2,1,1,2,3,2,3,0,0,1,0,64,4096,2,29,0,0,1,4642,1225564477,1225569119,3,1,2,0
17,hops,diag+3-4,0,1,0,0,1,2,1,2,2,2,3,4,3,4,0,0,1,0,64,4096,4,29,0,0,1,4619,1229874291,1229878910,3,1,2,0
18,hops,diag+4-5,0,1,0,0,1,2,1,2,3,3,4,5,4,5,0,0,1,0,64,4096,6,29,0,0,1,4635,1234134118,1234138753,3,1,2,0
19,hops,diag+5-6,0,1,0,0,1,2,1,2,4,4,5,6,5,6,0,0,1,0,64,4096,8,29,0,0,1,4627,1238179589,1238184216,5,1,2,0
20,hops,diag+6-7,0,1,0,0,1,2,1,2,5,5,6,7,6,7,0,0,1,0,64,4096,10,29,0,0,1,4631,1242034951,1242039582,3,1,2,0
21,hops,diag+11-8,0,1,0,0,1,2,1,2,6,6,7,8,11,8,0,0,1,0,64,4096,16,29,0,0,1,4625,1245774943,1245779568,3,1,2,0
22,hops,diag+12-9,0,1,0,0,1,2,1,2,7,7,10,9,12,9,0,0,1,0,64,4096,18,29,0,0,1,4618,1249595518,1249600136,10,1,2,0
23,hops,diag+13-10,0,1,0,0,1,2,1,2,8,8,11,10,13,10,0,0,1,0,64,4096,20,29,0,0,1,4619,1255381104,1255385723,3,1,2,0
24,size,64B,0,1,0,0,1,2,1,2,1,1,2,3,2,3,0,0,1,0,64,64,2,29,0,0,1,2534,1262091928,1262094462,3,1,2,0
25,size,512B,0,1,0,0,1,2,1,2,1,1,2,3,2,3,0,0,1,0,64,512,2,29,0,0,1,2547,1266598802,1266601349,4,1,2,0
26,size,4096B,0,1,0,0,1,2,1,2,1,1,2,3,2,3,0,0,1,0,64,4096,2,29,0,0,1,4627,1271223997,1271228624,3,1,2,0
27,size,16384B,0,1,0,0,1,2,1,2,1,1,2,3,2,3,0,0,1,0,64,16384,2,29,0,0,1,17234,1275381287,1275398521,10,1,2,0
28,readport,1flow,0,1,1,9,2,11,2,11,0,0,1,2,1,2,0,0,1,1,64,8192,19,29,0,0,1,8873,1279330329,1279339202,14,2,11,0
29,readport,2flows,0,2,1,9,2,11,2,11,0,0,1,2,1,2,0,0,1,1,64,8192,19,29,1,3,1,16828,1285034062,1285050890,22,2,11,0
29,readport,2flows,1,2,2,8,3,10,3,10,0,0,1,2,1,2,0,0,1,1,64,8192,19,29,1,3,1,17239,1285034169,1285051408,1047868,3,10,0
30,shared,64B/share0,0,2,10,0,13,2,15,2,5,1,6,3,6,3,0,0,1,0,64,64,9,29,0,0,1,2546,1292062069,1292064615,21,15,2,0
30,shared,64B/share0,1,2,5,0,6,2,6,2,9,2,12,4,14,4,0,0,1,0,64,64,10,29,0,0,1,2557,1292062137,1292064694,1101037,6,2,0
31,shared,64B/share1,0,2,10,0,13,2,15,2,5,1,6,3,6,3,0,0,1,0,64,64,9,29,1,0,1,2534,1303582972,1303585506,21,15,2,0
31,shared,64B/share1,1,2,4,0,5,2,5,2,8,2,11,4,13,4,0,0,1,0,64,64,10,29,1,0,1,2556,1303583029,1303585585,1020941,5,2,0
32,shared,64B/share2,0,2,10,0,13,2,15,2,5,1,6,3,6,3,0,0,1,0,64,64,9,29,2,0,1,2534,1310337709,1310340243,21,15,2,0
32,shared,64B/share2,1,2,3,0,4,2,4,2,7,2,10,4,12,4,0,0,1,0,64,64,10,29,2,0,1,2556,1310337764,1310340320,1015265,4,2,0
33,shared,64B/share3,0,2,10,0,13,2,15,2,5,1,6,3,6,3,0,0,1,0,64,64,9,29,3,0,1,2534,1317536105,1317538639,21,15,2,0
33,shared,64B/share3,1,2,2,0,3,2,3,2,6,2,7,4,11,4,0,0,1,0,64,64,10,29,3,0,1,2556,1317536149,1317538705,1109324,3,2,0
34,shared,64B/share4,0,2,10,0,13,2,15,2,5,1,6,3,6,3,0,0,1,0,64,64,9,29,4,0,1,2535,1324498665,1324501200,21,15,2,0
34,shared,64B/share4,1,2,6,0,7,2,11,2,1,2,2,4,2,4,0,0,1,0,64,64,10,29,4,0,1,2558,829119002,829121560,1067524,11,2,0
35,shared,64B/share5,0,2,10,0,13,2,15,2,5,1,6,3,6,3,0,0,1,0,64,64,9,29,5,0,1,2535,1331300656,1331303191,21,15,2,0
35,shared,64B/share5,1,2,7,0,10,2,12,2,2,2,3,4,3,4,0,0,1,0,64,64,10,29,5,0,1,2558,1331300781,1331303339,1106210,12,2,0
36,shared,64B/share6,0,2,10,0,13,2,15,2,5,1,6,3,6,3,0,0,1,0,64,64,9,29,6,0,1,2534,1342656602,1342659136,21,15,2,0
36,shared,64B/share6,1,2,8,0,11,2,13,2,3,2,4,4,4,4,0,0,1,0,64,64,10,29,6,0,1,2558,1342656732,1342659290,991862,13,2,0
37,shared,64B/share7,0,2,10,0,13,2,15,2,5,1,6,3,6,3,0,0,1,0,64,64,9,29,7,0,1,2535,1349193594,1349196129,21,15,2,0
37,shared,64B/share7,1,2,9,0,12,2,14,2,4,2,5,4,5,4,0,0,1,0,64,64,10,29,7,0,1,2556,1349193737,1349196293,1020735,14,2,0
38,shared,512B/share0,0,2,10,0,13,2,15,2,5,1,6,3,6,3,0,0,1,0,64,512,9,29,0,0,1,2543,1356090944,1356093487,21,15,2,0
38,shared,512B/share0,1,2,5,0,6,2,6,2,9,2,12,4,14,4,0,0,1,0,64,512,10,29,0,0,1,2554,1356091006,1356093560,1129961,6,2,0
39,shared,512B/share1,0,2,10,0,13,2,15,2,5,1,6,3,6,3,0,0,1,0,64,512,9,29,1,0,1,2544,1363089072,1363091616,21,15,2,0
39,shared,512B/share1,1,2,4,0,5,2,5,2,8,2,11,4,13,4,0,0,1,0,64,512,10,29,1,0,1,2553,1363089134,1363091687,1083895,5,2,0
40,shared,512B/share2,0,2,10,0,13,2,15,2,5,1,6,3,6,3,0,0,1,0,64,512,9,29,2,0,1,2543,1370154223,1370156766,21,15,2,0
40,shared,512B/share2,1,2,3,0,4,2,4,2,7,2,10,4,12,4,0,0,1,0,64,512,10,29,2,0,1,2553,1370154283,1370156836,1094858,4,2,0
41,shared,512B/share3,0,2,10,0,13,2,15,2,5,1,6,3,6,3,0,0,1,0,64,512,9,29,3,0,1,2542,1376977767,1376980309,21,15,2,0
41,shared,512B/share3,1,2,2,0,3,2,3,2,6,2,7,4,11,4,0,0,1,0,64,512,10,29,3,0,1,2555,1376977814,1376980369,1062329,3,2,0
42,shared,512B/share4,0,2,10,0,13,2,15,2,5,1,6,3,6,3,0,0,1,0,64,512,9,29,4,0,1,2551,1383663426,1383665977,21,15,2,0
42,shared,512B/share4,1,2,6,0,7,2,11,2,1,2,2,4,2,4,0,0,1,0,64,512,10,29,4,0,1,2553,888283759,888286312,1012274,11,2,0
43,shared,512B/share5,0,2,10,0,13,2,15,2,5,1,6,3,6,3,0,0,1,0,64,512,9,29,5,0,1,2544,1390370127,1390372671,21,15,2,0
43,shared,512B/share5,1,2,7,0,10,2,12,2,2,2,3,4,3,4,0,0,1,0,64,512,10,29,5,0,1,2555,1390370253,1390372808,1028237,12,2,0
44,shared,512B/share6,0,2,10,0,13,2,15,2,5,1,6,3,6,3,0,0,1,0,64,512,9,29,6,0,1,2550,1397422399,1397424949,21,15,2,0
44,shared,512B/share6,1,2,8,0,11,2,13,2,3,2,4,4,4,4,0,0,1,0,64,512,10,29,6,0,1,2553,1397422529,1397425082,1100885,13,2,0
45,shared,512B/share7,0,2,10,0,13,2,15,2,5,1,6,3,6,3,0,0,1,0,64,512,9,29,7,0,1,2550,1404452937,1404455487,21,15,2,0
45,shared,512B/share7,1,2,9,0,12,2,14,2,4,2,5,4,5,4,0,0,1,0,64,512,10,29,7,0,1,2554,1404453080,1404455634,1099875,14,2,0
46,shared,2048B/share0,0,2,10,0,13,2,15,2,5,1,6,3,6,3,0,0,1,0,64,2048,9,29,0,0,1,2566,1411284844,1411287410,21,15,2,0
46,shared,2048B/share0,1,2,5,0,6,2,6,2,9,2,12,4,14,4,0,0,1,0,64,2048,10,29,0,0,1,2578,1411284905,1411287483,1068143,6,2,0
47,shared,2048B/share1,0,2,10,0,13,2,15,2,5,1,6,3,6,3,0,0,1,0,64,2048,9,29,1,0,1,4518,1418034678,1418039196,21,15,2,0
47,shared,2048B/share1,1,2,4,0,5,2,5,2,8,2,11,4,13,4,0,0,1,0,64,2048,10,29,1,0,1,4603,1418034741,1418039344,1054342,5,2,0
48,shared,2048B/share2,0,2,10,0,13,2,15,2,5,1,6,3,6,3,0,0,1,0,64,2048,9,29,2,0,1,4083,1424443656,1424447739,21,15,2,0
48,shared,2048B/share2,1,2,3,0,4,2,4,2,7,2,10,4,12,4,0,0,1,0,64,2048,10,29,2,0,1,4619,1424443709,1424448328,1020085,4,2,0
49,shared,2048B/share3,0,2,10,0,13,2,15,2,5,1,6,3,6,3,0,0,1,0,64,2048,9,29,3,0,1,4249,1431146807,1431151056,21,15,2,0
49,shared,2048B/share3,1,2,2,0,3,2,3,2,6,2,7,4,11,4,0,0,1,0,64,2048,10,29,3,0,1,4618,1431146851,1431151469,1080915,3,2,0
50,shared,2048B/share4,0,2,10,0,13,2,15,2,5,1,6,3,6,3,0,0,1,0,64,2048,9,29,4,0,1,4470,1438126509,1438130979,21,15,2,0
50,shared,2048B/share4,1,2,6,0,7,2,11,2,1,2,2,4,2,4,0,0,1,0,64,2048,10,29,4,0,1,4484,942746844,942751328,1094309,11,2,0
51,shared,2048B/share5,0,2,10,0,13,2,15,2,5,1,6,3,6,3,0,0,1,0,64,2048,9,29,5,0,1,4470,1445146703,1445151173,21,15,2,0
51,shared,2048B/share5,1,2,7,0,10,2,12,2,2,2,3,4,3,4,0,0,1,0,64,2048,10,29,5,0,1,4477,1445146823,1445151300,1093992,12,2,0
52,shared,2048B/share6,0,2,10,0,13,2,15,2,5,1,6,3,6,3,0,0,1,0,64,2048,9,29,6,0,1,4471,1451883778,1451888249,21,15,2,0
52,shared,2048B/share6,1,2,8,0,11,2,13,2,3,2,4,4,4,4,0,0,1,0,64,2048,10,29,6,0,1,4481,1451883908,1451888389,1057560,13,2,0
53,shared,2048B/share7,0,2,10,0,13,2,15,2,5,1,6,3,6,3,0,0,1,0,64,2048,9,29,7,0,1,4478,1458512303,1458516781,21,15,2,0
53,shared,2048B/share7,1,2,9,0,12,2,14,2,4,2,5,4,5,4,0,0,1,0,64,2048,10,29,7,0,1,4491,1458512446,1458516937,1010436,14,2,0
54,shared,8192B/share0,0,2,10,0,13,2,15,2,5,1,6,3,6,3,0,0,1,0,64,8192,9,29,0,0,1,8823,1465075208,1465084031,21,15,2,0
54,shared,8192B/share0,1,2,5,0,6,2,6,2,9,2,12,4,14,4,0,0,1,0,64,8192,10,29,0,0,1,8827,1465075271,1465084098,1027702,6,2,0
55,shared,8192B/share1,0,2,10,0,13,2,15,2,5,1,6,3,6,3,0,0,1,0,64,8192,9,29,1,0,1,16879,1472187477,1472204356,21,15,2,0
55,shared,8192B/share1,1,2,4,0,5,2,5,2,8,2,11,4,13,4,0,0,1,0,64,8192,10,29,1,0,1,16905,1472187534,1472204439,1095406,5,2,0
56,shared,8192B/share2,0,2,10,0,13,2,15,2,5,1,6,3,6,3,0,0,1,0,64,8192,9,29,2,0,1,16646,1479330066,1479346712,21,15,2,0
56,shared,8192B/share2,1,2,3,0,4,2,4,2,7,2,10,4,12,4,0,0,1,0,64,8192,10,29,2,0,1,16905,1479330122,1479347027,1094433,4,2,0
57,shared,8192B/share3,0,2,10,0,13,2,15,2,5,1,6,3,6,3,0,0,1,0,64,8192,9,29,3,0,1,16903,1486349378,1486366281,21,15,2,0
57,shared,8192B/share3,1,2,2,0,3,2,3,2,6,2,7,4,11,4,0,0,1,0,64,8192,10,29,3,0,1,16897,1486349423,1486366320,1087644,3,2,0
58,shared,8192B/share4,0,2,10,0,13,2,15,2,5,1,6,3,6,3,0,0,1,0,64,8192,9,29,4,0,1,16927,1493123291,1493140218,21,15,2,0
58,shared,8192B/share4,1,2,6,0,7,2,11,2,1,2,2,4,2,4,0,0,1,0,64,8192,10,29,4,0,1,17027,997743625,997760652,1061646,11,2,0
59,shared,8192B/share5,0,2,10,0,13,2,15,2,5,1,6,3,6,3,0,0,1,0,64,8192,9,29,5,0,1,16894,1499697045,1499713939,21,15,2,0
59,shared,8192B/share5,1,2,7,0,10,2,12,2,2,2,3,4,3,4,0,0,1,0,64,8192,10,29,5,0,1,17003,1499697165,1499714168,1020791,12,2,0
60,shared,8192B/share6,0,2,10,0,13,2,15,2,5,1,6,3,6,3,0,0,1,0,64,8192,9,29,6,0,1,16966,1506391240,1506408206,21,15,2,0
60,shared,8192B/share6,1,2,8,0,11,2,13,2,3,2,4,4,4,4,0,0,1,0,64,8192,10,29,6,0,1,17076,1506391370,1506408446,1030284,13,2,0
61,shared,8192B/share7,0,2,10,0,13,2,15,2,5,1,6,3,6,3,0,0,1,0,64,8192,9,29,7,0,1,16942,1512922214,1512939156,21,15,2,0
61,shared,8192B/share7,1,2,9,0,12,2,14,2,4,2,5,4,5,4,0,0,1,0,64,8192,10,29,7,0,1,17044,1512922358,1512939402,1026267,14,2,0
62,shared,16384B/share0,0,2,10,0,13,2,15,2,5,1,6,3,6,3,0,0,1,0,64,16384,9,29,0,0,1,17166,1519921747,1519938913,21,15,2,0
62,shared,16384B/share0,1,2,5,0,6,2,6,2,9,2,12,4,14,4,0,0,1,0,64,16384,10,29,0,0,1,17185,1519921816,1519939001,1096387,6,2,0
63,shared,16384B/share1,0,2,10,0,13,2,15,2,5,1,6,3,6,3,0,0,1,0,64,16384,9,29,1,0,1,33071,1526735707,1526768778,21,15,2,0
63,shared,16384B/share1,1,2,4,0,5,2,5,2,8,2,11,4,13,4,0,0,1,0,64,16384,10,29,1,0,1,33292,1526735771,1526769063,1081891,5,2,0
64,shared,16384B/share2,0,2,10,0,13,2,15,2,5,1,6,3,6,3,0,0,1,0,64,16384,9,29,2,0,1,33295,1533752396,1533785691,21,15,2,0
64,shared,16384B/share2,1,2,3,0,4,2,4,2,7,2,10,4,12,4,0,0,1,0,64,16384,10,29,2,0,1,33297,1533752449,1533785746,1090718,4,2,0
65,shared,16384B/share3,0,2,10,0,13,2,15,2,5,1,6,3,6,3,0,0,1,0,64,16384,9,29,3,0,1,33302,1540464636,1540497938,21,15,2,0
65,shared,16384B/share3,1,2,2,0,3,2,3,2,6,2,7,4,11,4,0,0,1,0,64,16384,10,29,3,0,1,33293,1540464680,1540497973,1055504,3,2,0
66,shared,16384B/share4,0,2,10,0,13,2,15,2,5,1,6,3,6,3,0,0,1,0,64,16384,9,29,4,0,1,33679,1546993252,1547026931,21,15,2,0
66,shared,16384B/share4,1,2,6,0,7,2,11,2,1,2,2,4,2,4,0,0,1,0,64,16384,10,29,4,0,1,33786,1051613585,1051647371,1017819,11,2,0
67,shared,16384B/share5,0,2,10,0,13,2,15,2,5,1,6,3,6,3,0,0,1,0,64,16384,9,29,5,0,1,33647,1553743684,1553777331,21,15,2,0
67,shared,16384B/share5,1,2,7,0,10,2,12,2,2,2,3,4,3,4,0,0,1,0,64,16384,10,29,5,0,1,33745,1553743810,1553777555,1072084,12,2,0
68,shared,16384B/share6,0,2,10,0,13,2,15,2,5,1,6,3,6,3,0,0,1,0,64,16384,9,29,6,0,1,33679,1560704055,1560737734,21,15,2,0
68,shared,16384B/share6,1,2,8,0,11,2,13,2,3,2,4,4,4,4,0,0,1,0,64,16384,10,29,6,0,1,33786,1560704184,1560737970,1105927,13,2,0
69,shared,16384B/share7,0,2,10,0,13,2,15,2,5,1,6,3,6,3,0,0,1,0,64,16384,9,29,7,0,1,33766,1567648533,1567682299,21,15,2,0
69,shared,16384B/share7,1,2,9,0,12,2,14,2,4,2,5,4,5,4,0,0,1,0,64,16384,10,29,7,0,1,33875,1567648677,1567682552,1088823,14,2,0
