# nocreadbench -- 2026-08-09 Blackhole card session, nocread probe.
#
# device=blackhole-silicon simulator=no campaign=2026-08-09
# Card is HARVESTED: addressed worker columns {1..7, 10..14}, physical
# {1..6, 11..16}; two chips present, auto-discovery downgrades to a 1x1 mesh.
# Collected by perfbench/run_card_session.sh (probe `nocread`).
# Retires the initiator credit-limit term: in-flight is 2-3 at every burst
# length, reaches 13 only at one transaction size, and cycles_per_tx is flat
# to 1.5 % across hops 1-13. CMD_BUF_AVAIL reads 0x0 at rest AND in-loop, so
# the command-buffer depth stays UNKNOWN -- do not quote zero as a depth.
#
# Analysis: docs/plans/cost-model.md, "The second rung-3 sample". A silicon
# measurement is `corroboration`, never provenance -- nothing here is charged.
# nocreadbench arch=blackhole grid=12x10 num_tx=64 repeats=3
# every row is one timed burst; cycles_per_tx = cycles / num_tx
experiment,repeat,point,mst_x,mst_y,mst_node_x,mst_node_y,num_src,src0_x,src0_y,hops,num_tx,tx_bytes,dst_stride,src_stride,cycles,cycles_per_tx,outstanding_max,outstanding_end,samples,cmdbuf_avail_rest,cmdbuf_avail_busy,outstanding_rest,outstanding_delta,inflight_max,inflight_rest,trid,cmdbuf_avail_max,cmdbuf_ovfl_rest,cmdbuf_ovfl_end
size,0,0,0,0,1,2,1,14,2,13,64,64,0,0,3262,50.969,70,70,64,0x00000000,0x00000000,68,2,3,0,0,0x00000000,0x00000000,0x00000000
size,0,1,0,0,1,2,1,14,2,13,64,128,0,0,3240,50.625,70,70,64,0x00000000,0x00000000,68,2,3,0,0,0x00000000,0x00000000,0x00000000
size,0,2,0,0,1,2,1,14,2,13,64,256,0,0,3241,50.641,70,70,64,0x00000000,0x00000000,68,2,3,0,0,0x00000000,0x00000000,0x00000000
size,0,3,0,0,1,2,1,14,2,13,64,512,0,0,3240,50.625,71,71,64,0x00000000,0x00000000,68,3,3,0,0,0x00000000,0x00000000,0x00000000
size,0,4,0,0,1,2,1,14,2,13,64,1024,0,0,3248,50.750,71,71,64,0x00000000,0x00000000,68,3,3,0,0,0x00000000,0x00000000,0x00000000
size,0,5,0,0,1,2,1,14,2,13,64,2048,0,0,3273,51.141,71,71,64,0x00000000,0x00000000,68,3,3,0,0,0x00000000,0x00000000,0x00000000
size,0,6,0,0,1,2,1,14,2,13,64,4096,0,0,4537,70.891,76,76,64,0x00000000,0x00000000,68,8,13,0,0,0x00000000,0x00000000,0x00000000
dist,0,7,0,0,1,2,1,2,2,1,64,64,0,0,3241,50.641,70,70,64,0x00000000,0x00000000,68,2,3,0,0,0x00000000,0x00000000,0x00000000
dist,0,8,0,0,1,2,1,3,2,2,64,64,0,0,3241,50.641,70,70,64,0x00000000,0x00000000,68,2,3,0,0,0x00000000,0x00000000,0x00000000
dist,0,9,0,0,1,2,1,4,2,3,64,64,0,0,3240,50.625,70,70,64,0x00000000,0x00000000,68,2,3,0,0,0x00000000,0x00000000,0x00000000
dist,0,10,0,0,1,2,1,5,2,4,64,64,0,0,3241,50.641,70,70,64,0x00000000,0x00000000,68,2,3,0,0,0x00000000,0x00000000,0x00000000
dist,0,11,0,0,1,2,1,6,2,5,64,64,0,0,3240,50.625,70,70,64,0x00000000,0x00000000,68,2,3,0,0,0x00000000,0x00000000,0x00000000
dist,0,12,0,0,1,2,1,7,2,6,64,64,0,0,3241,50.641,70,70,64,0x00000000,0x00000000,68,2,3,0,0,0x00000000,0x00000000,0x00000000
dist,0,13,0,0,1,2,1,10,2,9,64,64,0,0,3240,50.625,70,70,64,0x00000000,0x00000000,68,2,3,0,0,0x00000000,0x00000000,0x00000000
dist,0,14,0,0,1,2,1,11,2,10,64,64,0,0,3241,50.641,70,70,64,0x00000000,0x00000000,68,2,3,0,0,0x00000000,0x00000000,0x00000000
dist,0,15,0,0,1,2,1,12,2,11,64,64,0,0,3241,50.641,70,70,64,0x00000000,0x00000000,68,2,3,0,0,0x00000000,0x00000000,0x00000000
dist,0,16,0,0,1,2,1,13,2,12,64,64,0,0,3241,50.641,70,70,64,0x00000000,0x00000000,68,2,3,0,0,0x00000000,0x00000000,0x00000000
dist,0,17,0,0,1,2,1,14,2,13,64,64,0,0,3241,50.641,70,70,64,0x00000000,0x00000000,68,2,3,0,0,0x00000000,0x00000000,0x00000000
dist,0,18,0,0,1,2,1,1,3,1,64,64,0,0,3193,49.891,70,70,64,0x00000000,0x00000000,68,2,2,0,0,0x00000000,0x00000000,0x00000000
dist,0,19,0,0,1,2,1,1,4,2,64,64,0,0,3193,49.891,70,70,64,0x00000000,0x00000000,68,2,2,0,0,0x00000000,0x00000000,0x00000000
dist,0,20,0,0,1,2,1,1,5,3,64,64,0,0,3192,49.875,70,70,64,0x00000000,0x00000000,68,2,2,0,0,0x00000000,0x00000000,0x00000000
dist,0,21,0,0,1,2,1,1,6,4,64,64,0,0,3192,49.875,70,70,64,0x00000000,0x00000000,68,2,2,0,0,0x00000000,0x00000000,0x00000000
dist,0,22,0,0,1,2,1,1,7,5,64,64,0,0,3193,49.891,70,70,64,0x00000000,0x00000000,68,2,2,0,0,0x00000000,0x00000000,0x00000000
dist,0,23,0,0,1,2,1,1,8,6,64,64,0,0,3192,49.875,70,70,64,0x00000000,0x00000000,68,2,2,0,0,0x00000000,0x00000000,0x00000000
dist,0,24,0,0,1,2,1,1,9,7,64,64,0,0,3192,49.875,70,70,64,0x00000000,0x00000000,68,2,2,0,0,0x00000000,0x00000000,0x00000000
dist,0,25,0,0,1,2,1,1,10,8,64,64,0,0,3192,49.875,70,70,64,0x00000000,0x00000000,68,2,2,0,0,0x00000000,0x00000000,0x00000000
dist,0,26,0,0,1,2,1,1,11,9,64,64,0,0,3192,49.875,70,70,64,0x00000000,0x00000000,68,2,2,0,0,0x00000000,0x00000000,0x00000000
srcfan,0,27,0,0,1,2,1,2,2,1,64,64,0,0,3240,50.625,70,70,64,0x00000000,0x00000000,68,2,3,0,0,0x00000000,0x00000000,0x00000000
srcfan,0,28,0,0,1,2,2,2,2,1,64,64,0,0,3245,50.703,70,70,64,0x00000000,0x00000000,68,2,3,0,0,0x00000000,0x00000000,0x00000000
srcfan,0,29,0,0,1,2,4,2,2,1,64,64,0,0,3273,51.141,70,70,64,0x00000000,0x00000000,68,2,3,0,0,0x00000000,0x00000000,0x00000000
srcfan,0,30,0,0,1,2,8,2,2,1,64,64,0,0,3274,51.156,70,70,64,0x00000000,0x00000000,68,2,3,0,0,0x00000000,0x00000000,0x00000000
dstspread,0,31,0,0,1,2,1,14,2,13,64,64,0,0,3262,50.969,70,70,64,0x00000000,0x00000000,68,2,3,0,0,0x00000000,0x00000000,0x00000000
dstspread,0,32,0,0,1,2,1,14,2,13,64,64,64,0,3241,50.641,70,70,64,0x00000000,0x00000000,68,2,3,0,0,0x00000000,0x00000000,0x00000000
dstspread,0,33,0,0,1,2,1,14,2,13,64,64,128,0,3240,50.625,70,70,64,0x00000000,0x00000000,68,2,3,0,0,0x00000000,0x00000000,0x00000000
dstspread,0,34,0,0,1,2,1,14,2,13,64,64,512,0,3240,50.625,70,70,64,0x00000000,0x00000000,68,2,3,0,0,0x00000000,0x00000000,0x00000000
srcspread,0,35,0,0,1,2,1,14,2,13,64,64,0,0,3240,50.625,70,70,64,0x00000000,0x00000000,68,2,3,0,0,0x00000000,0x00000000,0x00000000
srcspread,0,36,0,0,1,2,1,14,2,13,64,64,0,64,3241,50.641,70,70,64,0x00000000,0x00000000,68,2,3,0,0,0x00000000,0x00000000,0x00000000
srcspread,0,37,0,0,1,2,1,14,2,13,64,64,0,128,3241,50.641,70,70,64,0x00000000,0x00000000,68,2,3,0,0,0x00000000,0x00000000,0x00000000
srcspread,0,38,0,0,1,2,1,14,2,13,64,64,0,512,3241,50.641,70,70,64,0x00000000,0x00000000,68,2,3,0,0,0x00000000,0x00000000,0x00000000
burst,0,39,0,0,1,2,1,14,2,13,4,64,0,0,420,105.000,70,70,4,0x00000000,0x00000000,68,2,3,0,0,0x00000000,0x00000000,0x00000000
burst,0,40,0,0,1,2,1,14,2,13,16,64,0,0,984,61.500,70,70,16,0x00000000,0x00000000,68,2,3,0,0,0x00000000,0x00000000,0x00000000
burst,0,41,0,0,1,2,1,14,2,13,64,64,0,0,3240,50.625,70,70,64,0x00000000,0x00000000,68,2,3,0,0,0x00000000,0x00000000,0x00000000
burst,0,42,0,0,1,2,1,14,2,13,128,64,0,0,6249,48.820,70,70,128,0x00000000,0x00000000,68,2,3,0,0,0x00000000,0x00000000,0x00000000
size,1,0,0,0,1,2,1,14,2,13,64,64,0,0,3241,50.641,70,70,64,0x00000000,0x00000000,68,2,3,0,0,0x00000000,0x00000000,0x00000000
size,1,1,0,0,1,2,1,14,2,13,64,128,0,0,3240,50.625,70,70,64,0x00000000,0x00000000,68,2,3,0,0,0x00000000,0x00000000,0x00000000
size,1,2,0,0,1,2,1,14,2,13,64,256,0,0,3241,50.641,70,70,64,0x00000000,0x00000000,68,2,3,0,0,0x00000000,0x00000000,0x00000000
size,1,3,0,0,1,2,1,14,2,13,64,512,0,0,3240,50.625,71,71,64,0x00000000,0x00000000,68,3,3,0,0,0x00000000,0x00000000,0x00000000
size,1,4,0,0,1,2,1,14,2,13,64,1024,0,0,3249,50.766,71,71,64,0x00000000,0x00000000,68,3,3,0,0,0x00000000,0x00000000,0x00000000
size,1,5,0,0,1,2,1,14,2,13,64,2048,0,0,3265,51.016,71,71,64,0x00000000,0x00000000,68,3,3,0,0,0x00000000,0x00000000,0x00000000
size,1,6,0,0,1,2,1,14,2,13,64,4096,0,0,4545,71.016,76,76,64,0x00000000,0x00000000,68,8,13,0,0,0x00000000,0x00000000,0x00000000
dist,1,7,0,0,1,2,1,2,2,1,64,64,0,0,3241,50.641,70,70,64,0x00000000,0x00000000,68,2,3,0,0,0x00000000,0x00000000,0x00000000
dist,1,8,0,0,1,2,1,3,2,2,64,64,0,0,3240,50.625,70,70,64,0x00000000,0x00000000,68,2,3,0,0,0x00000000,0x00000000,0x00000000
dist,1,9,0,0,1,2,1,4,2,3,64,64,0,0,3241,50.641,70,70,64,0x00000000,0x00000000,68,2,3,0,0,0x00000000,0x00000000,0x00000000
dist,1,10,0,0,1,2,1,5,2,4,64,64,0,0,3241,50.641,70,70,64,0x00000000,0x00000000,68,2,3,0,0,0x00000000,0x00000000,0x00000000
dist,1,11,0,0,1,2,1,6,2,5,64,64,0,0,3241,50.641,70,70,64,0x00000000,0x00000000,68,2,3,0,0,0x00000000,0x00000000,0x00000000
dist,1,12,0,0,1,2,1,7,2,6,64,64,0,0,3240,50.625,70,70,64,0x00000000,0x00000000,68,2,3,0,0,0x00000000,0x00000000,0x00000000
dist,1,13,0,0,1,2,1,10,2,9,64,64,0,0,3241,50.641,70,70,64,0x00000000,0x00000000,68,2,3,0,0,0x00000000,0x00000000,0x00000000
dist,1,14,0,0,1,2,1,11,2,10,64,64,0,0,3240,50.625,70,70,64,0x00000000,0x00000000,68,2,3,0,0,0x00000000,0x00000000,0x00000000
dist,1,15,0,0,1,2,1,12,2,11,64,64,0,0,3240,50.625,70,70,64,0x00000000,0x00000000,68,2,3,0,0,0x00000000,0x00000000,0x00000000
dist,1,16,0,0,1,2,1,13,2,12,64,64,0,0,3241,50.641,70,70,64,0x00000000,0x00000000,68,2,3,0,0,0x00000000,0x00000000,0x00000000
dist,1,17,0,0,1,2,1,14,2,13,64,64,0,0,3241,50.641,70,70,64,0x00000000,0x00000000,68,2,3,0,0,0x00000000,0x00000000,0x00000000
dist,1,18,0,0,1,2,1,1,3,1,64,64,0,0,3193,49.891,70,70,64,0x00000000,0x00000000,68,2,2,0,0,0x00000000,0x00000000,0x00000000
dist,1,19,0,0,1,2,1,1,4,2,64,64,0,0,3193,49.891,70,70,64,0x00000000,0x00000000,68,2,2,0,0,0x00000000,0x00000000,0x00000000
dist,1,20,0,0,1,2,1,1,5,3,64,64,0,0,3192,49.875,70,70,64,0x00000000,0x00000000,68,2,2,0,0,0x00000000,0x00000000,0x00000000
dist,1,21,0,0,1,2,1,1,6,4,64,64,0,0,3192,49.875,70,70,64,0x00000000,0x00000000,68,2,2,0,0,0x00000000,0x00000000,0x00000000
dist,1,22,0,0,1,2,1,1,7,5,64,64,0,0,3193,49.891,70,70,64,0x00000000,0x00000000,68,2,2,0,0,0x00000000,0x00000000,0x00000000
dist,1,23,0,0,1,2,1,1,8,6,64,64,0,0,3193,49.891,70,70,64,0x00000000,0x00000000,68,2,2,0,0,0x00000000,0x00000000,0x00000000
dist,1,24,0,0,1,2,1,1,9,7,64,64,0,0,3193,49.891,70,70,64,0x00000000,0x00000000,68,2,2,0,0,0x00000000,0x00000000,0x00000000
dist,1,25,0,0,1,2,1,1,10,8,64,64,0,0,3193,49.891,70,70,64,0x00000000,0x00000000,68,2,2,0,0,0x00000000,0x00000000,0x00000000
dist,1,26,0,0,1,2,1,1,11,9,64,64,0,0,3192,49.875,70,70,64,0x00000000,0x00000000,68,2,2,0,0,0x00000000,0x00000000,0x00000000
srcfan,1,27,0,0,1,2,1,2,2,1,64,64,0,0,3240,50.625,70,70,64,0x00000000,0x00000000,68,2,3,0,0,0x00000000,0x00000000,0x00000000
srcfan,1,28,0,0,1,2,2,2,2,1,64,64,0,0,3244,50.688,70,70,64,0x00000000,0x00000000,68,2,3,0,0,0x00000000,0x00000000,0x00000000
srcfan,1,29,0,0,1,2,4,2,2,1,64,64,0,0,3275,51.172,70,70,64,0x00000000,0x00000000,68,2,3,0,0,0x00000000,0x00000000,0x00000000
srcfan,1,30,0,0,1,2,8,2,2,1,64,64,0,0,3265,51.016,70,70,64,0x00000000,0x00000000,68,2,3,0,0,0x00000000,0x00000000,0x00000000
dstspread,1,31,0,0,1,2,1,14,2,13,64,64,0,0,3251,50.797,70,70,64,0x00000000,0x00000000,68,2,3,0,0,0x00000000,0x00000000,0x00000000
dstspread,1,32,0,0,1,2,1,14,2,13,64,64,64,0,3241,50.641,70,70,64,0x00000000,0x00000000,68,2,3,0,0,0x00000000,0x00000000,0x00000000
dstspread,1,33,0,0,1,2,1,14,2,13,64,64,128,0,3240,50.625,70,70,64,0x00000000,0x00000000,68,2,3,0,0,0x00000000,0x00000000,0x00000000
dstspread,1,34,0,0,1,2,1,14,2,13,64,64,512,0,3241,50.641,70,70,64,0x00000000,0x00000000,68,2,3,0,0,0x00000000,0x00000000,0x00000000
srcspread,1,35,0,0,1,2,1,14,2,13,64,64,0,0,3240,50.625,70,70,64,0x00000000,0x00000000,68,2,3,0,0,0x00000000,0x00000000,0x00000000
srcspread,1,36,0,0,1,2,1,14,2,13,64,64,0,64,3240,50.625,70,70,64,0x00000000,0x00000000,68,2,3,0,0,0x00000000,0x00000000,0x00000000
srcspread,1,37,0,0,1,2,1,14,2,13,64,64,0,128,3241,50.641,70,70,64,0x00000000,0x00000000,68,2,3,0,0,0x00000000,0x00000000,0x00000000
srcspread,1,38,0,0,1,2,1,14,2,13,64,64,0,512,3240,50.625,70,70,64,0x00000000,0x00000000,68,2,3,0,0,0x00000000,0x00000000,0x00000000
burst,1,39,0,0,1,2,1,14,2,13,4,64,0,0,420,105.000,70,70,4,0x00000000,0x00000000,68,2,3,0,0,0x00000000,0x00000000,0x00000000
burst,1,40,0,0,1,2,1,14,2,13,16,64,0,0,984,61.500,70,70,16,0x00000000,0x00000000,68,2,3,0,0,0x00000000,0x00000000,0x00000000
burst,1,41,0,0,1,2,1,14,2,13,64,64,0,0,3241,50.641,70,70,64,0x00000000,0x00000000,68,2,3,0,0,0x00000000,0x00000000,0x00000000
burst,1,42,0,0,1,2,1,14,2,13,128,64,0,0,6248,48.812,70,70,128,0x00000000,0x00000000,68,2,3,0,0,0x00000000,0x00000000,0x00000000
size,2,0,0,0,1,2,1,14,2,13,64,64,0,0,3240,50.625,70,70,64,0x00000000,0x00000000,68,2,3,0,0,0x00000000,0x00000000,0x00000000
size,2,1,0,0,1,2,1,14,2,13,64,128,0,0,3240,50.625,70,70,64,0x00000000,0x00000000,68,2,3,0,0,0x00000000,0x00000000,0x00000000
size,2,2,0,0,1,2,1,14,2,13,64,256,0,0,3241,50.641,70,70,64,0x00000000,0x00000000,68,2,3,0,0,0x00000000,0x00000000,0x00000000
size,2,3,0,0,1,2,1,14,2,13,64,512,0,0,3241,50.641,71,71,64,0x00000000,0x00000000,68,3,3,0,0,0x00000000,0x00000000,0x00000000
size,2,4,0,0,1,2,1,14,2,13,64,1024,0,0,3249,50.766,71,71,64,0x00000000,0x00000000,68,3,3,0,0,0x00000000,0x00000000,0x00000000
size,2,5,0,0,1,2,1,14,2,13,64,2048,0,0,3264,51.000,71,71,64,0x00000000,0x00000000,68,3,3,0,0,0x00000000,0x00000000,0x00000000
size,2,6,0,0,1,2,1,14,2,13,64,4096,0,0,4552,71.125,76,76,64,0x00000000,0x00000000,68,8,13,0,0,0x00000000,0x00000000,0x00000000
dist,2,7,0,0,1,2,1,2,2,1,64,64,0,0,3240,50.625,70,70,64,0x00000000,0x00000000,68,2,3,0,0,0x00000000,0x00000000,0x00000000
dist,2,8,0,0,1,2,1,3,2,2,64,64,0,0,3241,50.641,70,70,64,0x00000000,0x00000000,68,2,3,0,0,0x00000000,0x00000000,0x00000000
dist,2,9,0,0,1,2,1,4,2,3,64,64,0,0,3241,50.641,70,70,64,0x00000000,0x00000000,68,2,3,0,0,0x00000000,0x00000000,0x00000000
dist,2,10,0,0,1,2,1,5,2,4,64,64,0,0,3241,50.641,70,70,64,0x00000000,0x00000000,68,2,3,0,0,0x00000000,0x00000000,0x00000000
dist,2,11,0,0,1,2,1,6,2,5,64,64,0,0,3240,50.625,70,70,64,0x00000000,0x00000000,68,2,3,0,0,0x00000000,0x00000000,0x00000000
dist,2,12,0,0,1,2,1,7,2,6,64,64,0,0,3241,50.641,70,70,64,0x00000000,0x00000000,68,2,3,0,0,0x00000000,0x00000000,0x00000000
dist,2,13,0,0,1,2,1,10,2,9,64,64,0,0,3240,50.625,70,70,64,0x00000000,0x00000000,68,2,3,0,0,0x00000000,0x00000000,0x00000000
dist,2,14,0,0,1,2,1,11,2,10,64,64,0,0,3241,50.641,70,70,64,0x00000000,0x00000000,68,2,3,0,0,0x00000000,0x00000000,0x00000000
dist,2,15,0,0,1,2,1,12,2,11,64,64,0,0,3240,50.625,70,70,64,0x00000000,0x00000000,68,2,3,0,0,0x00000000,0x00000000,0x00000000
dist,2,16,0,0,1,2,1,13,2,12,64,64,0,0,3240,50.625,70,70,64,0x00000000,0x00000000,68,2,3,0,0,0x00000000,0x00000000,0x00000000
dist,2,17,0,0,1,2,1,14,2,13,64,64,0,0,3241,50.641,70,70,64,0x00000000,0x00000000,68,2,3,0,0,0x00000000,0x00000000,0x00000000
dist,2,18,0,0,1,2,1,1,3,1,64,64,0,0,3193,49.891,70,70,64,0x00000000,0x00000000,68,2,2,0,0,0x00000000,0x00000000,0x00000000
dist,2,19,0,0,1,2,1,1,4,2,64,64,0,0,3193,49.891,70,70,64,0x00000000,0x00000000,68,2,2,0,0,0x00000000,0x00000000,0x00000000
dist,2,20,0,0,1,2,1,1,5,3,64,64,0,0,3193,49.891,70,70,64,0x00000000,0x00000000,68,2,2,0,0,0x00000000,0x00000000,0x00000000
dist,2,21,0,0,1,2,1,1,6,4,64,64,0,0,3192,49.875,70,70,64,0x00000000,0x00000000,68,2,2,0,0,0x00000000,0x00000000,0x00000000
dist,2,22,0,0,1,2,1,1,7,5,64,64,0,0,3192,49.875,70,70,64,0x00000000,0x00000000,68,2,2,0,0,0x00000000,0x00000000,0x00000000
dist,2,23,0,0,1,2,1,1,8,6,64,64,0,0,3192,49.875,70,70,64,0x00000000,0x00000000,68,2,2,0,0,0x00000000,0x00000000,0x00000000
dist,2,24,0,0,1,2,1,1,9,7,64,64,0,0,3193,49.891,70,70,64,0x00000000,0x00000000,68,2,2,0,0,0x00000000,0x00000000,0x00000000
dist,2,25,0,0,1,2,1,1,10,8,64,64,0,0,3193,49.891,70,70,64,0x00000000,0x00000000,68,2,2,0,0,0x00000000,0x00000000,0x00000000
dist,2,26,0,0,1,2,1,1,11,9,64,64,0,0,3193,49.891,70,70,64,0x00000000,0x00000000,68,2,2,0,0,0x00000000,0x00000000,0x00000000
srcfan,2,27,0,0,1,2,1,2,2,1,64,64,0,0,3240,50.625,70,70,64,0x00000000,0x00000000,68,2,3,0,0,0x00000000,0x00000000,0x00000000
srcfan,2,28,0,0,1,2,2,2,2,1,64,64,0,0,3246,50.719,70,70,64,0x00000000,0x00000000,68,2,3,0,0,0x00000000,0x00000000,0x00000000
srcfan,2,29,0,0,1,2,4,2,2,1,64,64,0,0,3273,51.141,70,70,64,0x00000000,0x00000000,68,2,3,0,0,0x00000000,0x00000000,0x00000000
srcfan,2,30,0,0,1,2,8,2,2,1,64,64,0,0,3262,50.969,70,70,64,0x00000000,0x00000000,68,2,3,0,0,0x00000000,0x00000000,0x00000000
dstspread,2,31,0,0,1,2,1,14,2,13,64,64,0,0,3251,50.797,70,70,64,0x00000000,0x00000000,68,2,3,0,0,0x00000000,0x00000000,0x00000000
dstspread,2,32,0,0,1,2,1,14,2,13,64,64,64,0,3241,50.641,70,70,64,0x00000000,0x00000000,68,2,3,0,0,0x00000000,0x00000000,0x00000000
dstspread,2,33,0,0,1,2,1,14,2,13,64,64,128,0,3241,50.641,70,70,64,0x00000000,0x00000000,68,2,3,0,0,0x00000000,0x00000000,0x00000000
dstspread,2,34,0,0,1,2,1,14,2,13,64,64,512,0,3240,50.625,70,70,64,0x00000000,0x00000000,68,2,3,0,0,0x00000000,0x00000000,0x00000000
srcspread,2,35,0,0,1,2,1,14,2,13,64,64,0,0,3240,50.625,70,70,64,0x00000000,0x00000000,68,2,3,0,0,0x00000000,0x00000000,0x00000000
srcspread,2,36,0,0,1,2,1,14,2,13,64,64,0,64,3241,50.641,70,70,64,0x00000000,0x00000000,68,2,3,0,0,0x00000000,0x00000000,0x00000000
srcspread,2,37,0,0,1,2,1,14,2,13,64,64,0,128,3240,50.625,70,70,64,0x00000000,0x00000000,68,2,3,0,0,0x00000000,0x00000000,0x00000000
srcspread,2,38,0,0,1,2,1,14,2,13,64,64,0,512,3241,50.641,70,70,64,0x00000000,0x00000000,68,2,3,0,0,0x00000000,0x00000000,0x00000000
burst,2,39,0,0,1,2,1,14,2,13,4,64,0,0,421,105.250,70,70,4,0x00000000,0x00000000,68,2,3,0,0,0x00000000,0x00000000,0x00000000
burst,2,40,0,0,1,2,1,14,2,13,16,64,0,0,985,61.562,70,70,16,0x00000000,0x00000000,68,2,3,0,0,0x00000000,0x00000000,0x00000000
burst,2,41,0,0,1,2,1,14,2,13,64,64,0,0,3241,50.641,70,70,64,0x00000000,0x00000000,68,2,3,0,0,0x00000000,0x00000000,0x00000000
burst,2,42,0,0,1,2,1,14,2,13,128,64,0,0,6249,48.820,70,70,128,0x00000000,0x00000000,68,2,3,0,0,0x00000000,0x00000000,0x00000000
