# riscvbench -- 2026-08-09 Blackhole card session, rv probe.
#
# device=blackhole-silicon simulator=no campaign=2026-08-09
# Card is HARVESTED: addressed worker columns {1..7, 10..14}, physical
# {1..6, 11..16}; two chips present, auto-discovery downgrades to a 1x1 mesh.
# Collected by perfbench/run_card_session.sh (probe `rv`).
#
# Analysis: docs/plans/cost-model.md, "The second rung-3 sample". A silicon
# measurement is `corroboration`, never provenance -- nothing here is charged.
# riscvbench raw points -- see docs/plans/riscv-front-end-benchmark.md
# arch=blackhole magic=0x7B10CF03 probe_mask=0x7FFFFFFFFFFFF phases=rtcqfsg variants=t1,t2,t3 base_blocks=32 gset=0 group_reps=16 pad=16 stack_addr=0xFFB00FA8 scratch_addr=0x0017D440 div_dividend=0x12345678 div_divisor=3
phase,variant,probe_id,probe,unit,active_threads,thread,n,unroll,cycles
r,t1,0,loop_overhead,-,1,1,32,64,82
r,t1,0,loop_overhead,-,1,1,64,64,140
r,t1,0,loop_overhead,-,1,1,96,64,204
r,t1,0,loop_overhead,-,1,1,128,64,268
r,t1,1,rv_addi_indep,RV,1,1,32,64,2139
r,t1,1,rv_addi_indep,RV,1,1,64,64,4235
r,t1,1,rv_addi_indep,RV,1,1,96,64,6347
r,t1,1,rv_addi_indep,RV,1,1,128,64,8459
r,t1,2,rv_addi_dep,RV,1,1,32,64,2138
r,t1,2,rv_addi_dep,RV,1,1,64,64,4235
r,t1,2,rv_addi_dep,RV,1,1,96,64,6347
r,t1,2,rv_addi_dep,RV,1,1,128,64,8459
r,t1,3,rv_mul_indep,RV,1,1,32,64,2138
r,t1,3,rv_mul_indep,RV,1,1,64,64,4235
r,t1,3,rv_mul_indep,RV,1,1,96,64,6347
r,t1,3,rv_mul_indep,RV,1,1,128,64,8459
r,t1,4,rv_mul_dep,RV,1,1,32,64,4145
r,t1,4,rv_mul_dep,RV,1,1,64,64,8273
r,t1,4,rv_mul_dep,RV,1,1,96,64,12401
r,t1,4,rv_mul_dep,RV,1,1,128,64,16529
r,t1,5,rv_div,RV,1,1,32,64,67661
r,t1,5,rv_div,RV,1,1,64,64,135309
r,t1,5,rv_div,RV,1,1,96,64,202957
r,t1,5,rv_div,RV,1,1,128,64,270605
r,t1,6,rv_load_chase,RV_LSU,1,1,32,64,16643
r,t1,6,rv_load_chase,RV_LSU,1,1,64,64,33287
r,t1,6,rv_load_chase,RV_LSU,1,1,96,64,49925
r,t1,6,rv_load_chase,RV_LSU,1,1,128,64,66568
r,t1,7,rv_load_indep,RV_LSU,1,1,32,64,3695
r,t1,7,rv_load_indep,RV_LSU,1,1,64,64,7359
r,t1,7,rv_load_indep,RV_LSU,1,1,96,64,11037
r,t1,7,rv_load_indep,RV_LSU,1,1,128,64,14713
r,t1,8,rv_store_spread,RV_LSU,1,1,32,64,10759
r,t1,8,rv_store_spread,RV_LSU,1,1,64,64,21489
r,t1,8,rv_store_spread,RV_LSU,1,1,96,64,32543
r,t1,8,rv_store_spread,RV_LSU,1,1,128,64,43396
r,t1,9,rv_store_coalesce,RV_LSU,1,1,32,64,2139
r,t1,9,rv_store_coalesce,RV_LSU,1,1,64,64,4235
r,t1,9,rv_store_coalesce,RV_LSU,1,1,96,64,6347
r,t1,9,rv_store_coalesce,RV_LSU,1,1,128,64,8459
r,t1,10,rv_load_stack,RV_LSU,1,1,32,64,4145
r,t1,10,rv_load_stack,RV_LSU,1,1,64,64,8273
r,t1,10,rv_load_stack,RV_LSU,1,1,96,64,12401
r,t1,10,rv_load_stack,RV_LSU,1,1,128,64,16529
r,t1,11,rv_store_stack,RV_LSU,1,1,32,64,2137
r,t1,11,rv_store_stack,RV_LSU,1,1,64,64,4235
r,t1,11,rv_store_stack,RV_LSU,1,1,96,64,6347
r,t1,11,rv_store_stack,RV_LSU,1,1,128,64,8459
r,t2,0,loop_overhead,-,2,0,32,64,76
r,t2,0,loop_overhead,-,2,0,64,64,140
r,t2,0,loop_overhead,-,2,0,96,64,204
r,t2,0,loop_overhead,-,2,0,128,64,268
r,t2,1,rv_addi_indep,RV,2,0,32,64,2141
r,t2,1,rv_addi_indep,RV,2,0,64,64,4235
r,t2,1,rv_addi_indep,RV,2,0,96,64,6347
r,t2,1,rv_addi_indep,RV,2,0,128,64,8459
r,t2,2,rv_addi_dep,RV,2,0,32,64,2137
r,t2,2,rv_addi_dep,RV,2,0,64,64,4235
r,t2,2,rv_addi_dep,RV,2,0,96,64,6347
r,t2,2,rv_addi_dep,RV,2,0,128,64,8459
r,t2,3,rv_mul_indep,RV,2,0,32,64,2141
r,t2,3,rv_mul_indep,RV,2,0,64,64,4235
r,t2,3,rv_mul_indep,RV,2,0,96,64,6347
r,t2,3,rv_mul_indep,RV,2,0,128,64,8459
r,t2,4,rv_mul_dep,RV,2,0,32,64,4146
r,t2,4,rv_mul_dep,RV,2,0,64,64,8273
r,t2,4,rv_mul_dep,RV,2,0,96,64,12401
r,t2,4,rv_mul_dep,RV,2,0,128,64,16529
r,t2,5,rv_div,RV,2,0,32,64,67661
r,t2,5,rv_div,RV,2,0,64,64,135309
r,t2,5,rv_div,RV,2,0,96,64,202957
r,t2,5,rv_div,RV,2,0,128,64,270605
r,t2,6,rv_load_chase,RV_LSU,2,0,32,64,16684
r,t2,6,rv_load_chase,RV_LSU,2,0,64,64,33366
r,t2,6,rv_load_chase,RV_LSU,2,0,96,64,50071
r,t2,6,rv_load_chase,RV_LSU,2,0,128,64,66764
r,t2,7,rv_load_indep,RV_LSU,2,0,32,64,3744
r,t2,7,rv_load_indep,RV_LSU,2,0,64,64,7453
r,t2,7,rv_load_indep,RV_LSU,2,0,96,64,11154
r,t2,7,rv_load_indep,RV_LSU,2,0,128,64,14871
r,t2,8,rv_store_spread,RV_LSU,2,0,32,64,13753
r,t2,8,rv_store_spread,RV_LSU,2,0,64,64,22518
r,t2,8,rv_store_spread,RV_LSU,2,0,96,64,33782
r,t2,8,rv_store_spread,RV_LSU,2,0,128,64,49135
r,t2,9,rv_store_coalesce,RV_LSU,2,0,32,64,2139
r,t2,9,rv_store_coalesce,RV_LSU,2,0,64,64,4235
r,t2,9,rv_store_coalesce,RV_LSU,2,0,96,64,6347
r,t2,9,rv_store_coalesce,RV_LSU,2,0,128,64,8459
r,t2,10,rv_load_stack,RV_LSU,2,0,32,64,4145
r,t2,10,rv_load_stack,RV_LSU,2,0,64,64,8273
r,t2,10,rv_load_stack,RV_LSU,2,0,96,64,12401
r,t2,10,rv_load_stack,RV_LSU,2,0,128,64,16529
r,t2,11,rv_store_stack,RV_LSU,2,0,32,64,2143
r,t2,11,rv_store_stack,RV_LSU,2,0,64,64,4235
r,t2,11,rv_store_stack,RV_LSU,2,0,96,64,6347
r,t2,11,rv_store_stack,RV_LSU,2,0,128,64,8459
r,t2,0,loop_overhead,-,2,1,32,64,76
r,t2,0,loop_overhead,-,2,1,64,64,140
r,t2,0,loop_overhead,-,2,1,96,64,204
r,t2,0,loop_overhead,-,2,1,128,64,268
r,t2,1,rv_addi_indep,RV,2,1,32,64,2136
r,t2,1,rv_addi_indep,RV,2,1,64,64,4235
r,t2,1,rv_addi_indep,RV,2,1,96,64,6347
r,t2,1,rv_addi_indep,RV,2,1,128,64,8459
r,t2,2,rv_addi_dep,RV,2,1,32,64,2137
r,t2,2,rv_addi_dep,RV,2,1,64,64,4235
r,t2,2,rv_addi_dep,RV,2,1,96,64,6347
r,t2,2,rv_addi_dep,RV,2,1,128,64,8459
r,t2,3,rv_mul_indep,RV,2,1,32,64,2137
r,t2,3,rv_mul_indep,RV,2,1,64,64,4235
r,t2,3,rv_mul_indep,RV,2,1,96,64,6347
r,t2,3,rv_mul_indep,RV,2,1,128,64,8459
r,t2,4,rv_mul_dep,RV,2,1,32,64,4145
r,t2,4,rv_mul_dep,RV,2,1,64,64,8273
r,t2,4,rv_mul_dep,RV,2,1,96,64,12401
r,t2,4,rv_mul_dep,RV,2,1,128,64,16529
r,t2,5,rv_div,RV,2,1,32,64,67661
r,t2,5,rv_div,RV,2,1,64,64,135309
r,t2,5,rv_div,RV,2,1,96,64,202957
r,t2,5,rv_div,RV,2,1,128,64,270605
r,t2,6,rv_load_chase,RV_LSU,2,1,32,64,16691
r,t2,6,rv_load_chase,RV_LSU,2,1,64,64,33347
r,t2,6,rv_load_chase,RV_LSU,2,1,96,64,50069
r,t2,6,rv_load_chase,RV_LSU,2,1,128,64,66770
r,t2,7,rv_load_indep,RV_LSU,2,1,32,64,3727
r,t2,7,rv_load_indep,RV_LSU,2,1,64,64,7424
r,t2,7,rv_load_indep,RV_LSU,2,1,96,64,11119
r,t2,7,rv_load_indep,RV_LSU,2,1,128,64,14850
r,t2,8,rv_store_spread,RV_LSU,2,1,32,64,11026
r,t2,8,rv_store_spread,RV_LSU,2,1,64,64,22511
r,t2,8,rv_store_spread,RV_LSU,2,1,96,64,33773
r,t2,8,rv_store_spread,RV_LSU,2,1,128,64,49100
r,t2,9,rv_store_coalesce,RV_LSU,2,1,32,64,2139
r,t2,9,rv_store_coalesce,RV_LSU,2,1,64,64,4235
r,t2,9,rv_store_coalesce,RV_LSU,2,1,96,64,6347
r,t2,9,rv_store_coalesce,RV_LSU,2,1,128,64,8459
r,t2,10,rv_load_stack,RV_LSU,2,1,32,64,4145
r,t2,10,rv_load_stack,RV_LSU,2,1,64,64,8273
r,t2,10,rv_load_stack,RV_LSU,2,1,96,64,12401
r,t2,10,rv_load_stack,RV_LSU,2,1,128,64,16529
r,t2,11,rv_store_stack,RV_LSU,2,1,32,64,2137
r,t2,11,rv_store_stack,RV_LSU,2,1,64,64,4235
r,t2,11,rv_store_stack,RV_LSU,2,1,96,64,6347
r,t2,11,rv_store_stack,RV_LSU,2,1,128,64,8459
r,t3,0,loop_overhead,-,3,0,32,64,76
r,t3,0,loop_overhead,-,3,0,64,64,140
r,t3,0,loop_overhead,-,3,0,96,64,204
r,t3,0,loop_overhead,-,3,0,128,64,268
r,t3,1,rv_addi_indep,RV,3,0,32,64,2136
r,t3,1,rv_addi_indep,RV,3,0,64,64,4235
r,t3,1,rv_addi_indep,RV,3,0,96,64,6347
r,t3,1,rv_addi_indep,RV,3,0,128,64,8459
r,t3,2,rv_addi_dep,RV,3,0,32,64,2137
r,t3,2,rv_addi_dep,RV,3,0,64,64,4235
r,t3,2,rv_addi_dep,RV,3,0,96,64,6347
r,t3,2,rv_addi_dep,RV,3,0,128,64,8459
r,t3,3,rv_mul_indep,RV,3,0,32,64,2140
r,t3,3,rv_mul_indep,RV,3,0,64,64,4235
r,t3,3,rv_mul_indep,RV,3,0,96,64,6347
r,t3,3,rv_mul_indep,RV,3,0,128,64,8459
r,t3,4,rv_mul_dep,RV,3,0,32,64,4145
r,t3,4,rv_mul_dep,RV,3,0,64,64,8273
r,t3,4,rv_mul_dep,RV,3,0,96,64,12401
r,t3,4,rv_mul_dep,RV,3,0,128,64,16529
r,t3,5,rv_div,RV,3,0,32,64,67661
r,t3,5,rv_div,RV,3,0,64,64,135309
r,t3,5,rv_div,RV,3,0,96,64,202957
r,t3,5,rv_div,RV,3,0,128,64,270605
r,t3,6,rv_load_chase,RV_LSU,3,0,32,64,16572
r,t3,6,rv_load_chase,RV_LSU,3,0,64,64,33144
r,t3,6,rv_load_chase,RV_LSU,3,0,96,64,49720
r,t3,6,rv_load_chase,RV_LSU,3,0,128,64,66270
r,t3,7,rv_load_indep,RV_LSU,3,0,32,64,3859
r,t3,7,rv_load_indep,RV_LSU,3,0,64,64,7583
r,t3,7,rv_load_indep,RV_LSU,3,0,96,64,11647
r,t3,7,rv_load_indep,RV_LSU,3,0,128,64,15529
r,t3,8,rv_store_spread,RV_LSU,3,0,32,64,11781
r,t3,8,rv_store_spread,RV_LSU,3,0,64,64,24402
r,t3,8,rv_store_spread,RV_LSU,3,0,96,64,36539
r,t3,8,rv_store_spread,RV_LSU,3,0,128,64,55942
r,t3,9,rv_store_coalesce,RV_LSU,3,0,32,64,2139
r,t3,9,rv_store_coalesce,RV_LSU,3,0,64,64,4235
r,t3,9,rv_store_coalesce,RV_LSU,3,0,96,64,6347
r,t3,9,rv_store_coalesce,RV_LSU,3,0,128,64,8459
r,t3,10,rv_load_stack,RV_LSU,3,0,32,64,4145
r,t3,10,rv_load_stack,RV_LSU,3,0,64,64,8273
r,t3,10,rv_load_stack,RV_LSU,3,0,96,64,12401
r,t3,10,rv_load_stack,RV_LSU,3,0,128,64,16529
r,t3,11,rv_store_stack,RV_LSU,3,0,32,64,2138
r,t3,11,rv_store_stack,RV_LSU,3,0,64,64,4235
r,t3,11,rv_store_stack,RV_LSU,3,0,96,64,6347
r,t3,11,rv_store_stack,RV_LSU,3,0,128,64,8459
r,t3,0,loop_overhead,-,3,1,32,64,76
r,t3,0,loop_overhead,-,3,1,64,64,140
r,t3,0,loop_overhead,-,3,1,96,64,204
r,t3,0,loop_overhead,-,3,1,128,64,268
r,t3,1,rv_addi_indep,RV,3,1,32,64,2137
r,t3,1,rv_addi_indep,RV,3,1,64,64,4235
r,t3,1,rv_addi_indep,RV,3,1,96,64,6347
r,t3,1,rv_addi_indep,RV,3,1,128,64,8459
r,t3,2,rv_addi_dep,RV,3,1,32,64,2136
r,t3,2,rv_addi_dep,RV,3,1,64,64,4235
r,t3,2,rv_addi_dep,RV,3,1,96,64,6347
r,t3,2,rv_addi_dep,RV,3,1,128,64,8459
r,t3,3,rv_mul_indep,RV,3,1,32,64,2136
r,t3,3,rv_mul_indep,RV,3,1,64,64,4235
r,t3,3,rv_mul_indep,RV,3,1,96,64,6347
r,t3,3,rv_mul_indep,RV,3,1,128,64,8459
r,t3,4,rv_mul_dep,RV,3,1,32,64,4145
r,t3,4,rv_mul_dep,RV,3,1,64,64,8273
r,t3,4,rv_mul_dep,RV,3,1,96,64,12401
r,t3,4,rv_mul_dep,RV,3,1,128,64,16529
r,t3,5,rv_div,RV,3,1,32,64,67661
r,t3,5,rv_div,RV,3,1,64,64,135309
r,t3,5,rv_div,RV,3,1,96,64,202957
r,t3,5,rv_div,RV,3,1,128,64,270605
r,t3,6,rv_load_chase,RV_LSU,3,1,32,64,16414
r,t3,6,rv_load_chase,RV_LSU,3,1,64,64,32794
r,t3,6,rv_load_chase,RV_LSU,3,1,96,64,49195
r,t3,6,rv_load_chase,RV_LSU,3,1,128,64,65594
r,t3,7,rv_load_indep,RV_LSU,3,1,32,64,4765
r,t3,7,rv_load_indep,RV_LSU,3,1,64,64,9311
r,t3,7,rv_load_indep,RV_LSU,3,1,96,64,14344
r,t3,7,rv_load_indep,RV_LSU,3,1,128,64,19232
r,t3,8,rv_store_spread,RV_LSU,3,1,32,64,21949
r,t3,8,rv_store_spread,RV_LSU,3,1,64,64,41455
r,t3,8,rv_store_spread,RV_LSU,3,1,96,64,63131
r,t3,8,rv_store_spread,RV_LSU,3,1,128,64,83197
r,t3,9,rv_store_coalesce,RV_LSU,3,1,32,64,2139
r,t3,9,rv_store_coalesce,RV_LSU,3,1,64,64,4235
r,t3,9,rv_store_coalesce,RV_LSU,3,1,96,64,6347
r,t3,9,rv_store_coalesce,RV_LSU,3,1,128,64,8459
r,t3,10,rv_load_stack,RV_LSU,3,1,32,64,4145
r,t3,10,rv_load_stack,RV_LSU,3,1,64,64,8273
r,t3,10,rv_load_stack,RV_LSU,3,1,96,64,12401
r,t3,10,rv_load_stack,RV_LSU,3,1,128,64,16529
r,t3,11,rv_store_stack,RV_LSU,3,1,32,64,2137
r,t3,11,rv_store_stack,RV_LSU,3,1,64,64,4235
r,t3,11,rv_store_stack,RV_LSU,3,1,96,64,6347
r,t3,11,rv_store_stack,RV_LSU,3,1,128,64,8459
r,t3,0,loop_overhead,-,3,2,32,64,76
r,t3,0,loop_overhead,-,3,2,64,64,140
r,t3,0,loop_overhead,-,3,2,96,64,204
r,t3,0,loop_overhead,-,3,2,128,64,268
r,t3,1,rv_addi_indep,RV,3,2,32,64,2138
r,t3,1,rv_addi_indep,RV,3,2,64,64,4235
r,t3,1,rv_addi_indep,RV,3,2,96,64,6347
r,t3,1,rv_addi_indep,RV,3,2,128,64,8459
r,t3,2,rv_addi_dep,RV,3,2,32,64,2138
r,t3,2,rv_addi_dep,RV,3,2,64,64,4235
r,t3,2,rv_addi_dep,RV,3,2,96,64,6347
r,t3,2,rv_addi_dep,RV,3,2,128,64,8459
r,t3,3,rv_mul_indep,RV,3,2,32,64,2138
r,t3,3,rv_mul_indep,RV,3,2,64,64,4235
r,t3,3,rv_mul_indep,RV,3,2,96,64,6347
r,t3,3,rv_mul_indep,RV,3,2,128,64,8459
r,t3,4,rv_mul_dep,RV,3,2,32,64,4145
r,t3,4,rv_mul_dep,RV,3,2,64,64,8273
r,t3,4,rv_mul_dep,RV,3,2,96,64,12401
r,t3,4,rv_mul_dep,RV,3,2,128,64,16529
r,t3,5,rv_div,RV,3,2,32,64,67661
r,t3,5,rv_div,RV,3,2,64,64,135309
r,t3,5,rv_div,RV,3,2,96,64,202957
r,t3,5,rv_div,RV,3,2,128,64,270605
r,t3,6,rv_load_chase,RV_LSU,3,2,32,64,16414
r,t3,6,rv_load_chase,RV_LSU,3,2,64,64,32791
r,t3,6,rv_load_chase,RV_LSU,3,2,96,64,49196
r,t3,6,rv_load_chase,RV_LSU,3,2,128,64,65598
r,t3,7,rv_load_indep,RV_LSU,3,2,32,64,4772
r,t3,7,rv_load_indep,RV_LSU,3,2,64,64,9350
r,t3,7,rv_load_indep,RV_LSU,3,2,96,64,14400
r,t3,7,rv_load_indep,RV_LSU,3,2,128,64,19155
r,t3,8,rv_store_spread,RV_LSU,3,2,32,64,21876
r,t3,8,rv_store_spread,RV_LSU,3,2,64,64,41397
r,t3,8,rv_store_spread,RV_LSU,3,2,96,64,63123
r,t3,8,rv_store_spread,RV_LSU,3,2,128,64,83245
r,t3,9,rv_store_coalesce,RV_LSU,3,2,32,64,2140
r,t3,9,rv_store_coalesce,RV_LSU,3,2,64,64,4235
r,t3,9,rv_store_coalesce,RV_LSU,3,2,96,64,6347
r,t3,9,rv_store_coalesce,RV_LSU,3,2,128,64,8459
r,t3,10,rv_load_stack,RV_LSU,3,2,32,64,4145
r,t3,10,rv_load_stack,RV_LSU,3,2,64,64,8273
r,t3,10,rv_load_stack,RV_LSU,3,2,96,64,12401
r,t3,10,rv_load_stack,RV_LSU,3,2,128,64,16529
r,t3,11,rv_store_stack,RV_LSU,3,2,32,64,2137
r,t3,11,rv_store_stack,RV_LSU,3,2,64,64,4235
r,t3,11,rv_store_stack,RV_LSU,3,2,96,64,6347
r,t3,11,rv_store_stack,RV_LSU,3,2,128,64,8459
t,t1,0,loop_overhead,-,1,1,32,64,76
t,t1,0,loop_overhead,-,1,1,64,64,140
t,t1,0,loop_overhead,-,1,1,96,64,204
t,t1,0,loop_overhead,-,1,1,128,64,268
t,t1,12,tt_nop,NONE,1,1,32,64,2147
t,t1,12,tt_nop,NONE,1,1,64,64,4235
t,t1,12,tt_nop,NONE,1,1,96,64,6347
t,t1,12,tt_nop,NONE,1,1,128,64,8459
t,t1,13,tt_sfpnop,SFPU,1,1,32,64,2147
t,t1,13,tt_sfpnop,SFPU,1,1,64,64,4235
t,t1,13,tt_sfpnop,SFPU,1,1,96,64,6347
t,t1,13,tt_sfpnop,SFPU,1,1,128,64,8459
t,t1,14,tt_setdmareg,THCON,1,1,32,64,2271
t,t1,14,tt_setdmareg,THCON,1,1,64,64,4491
t,t1,14,tt_setdmareg,THCON,1,1,96,64,6731
t,t1,14,tt_setdmareg,THCON,1,1,128,64,8971
t,t1,15,tt_adddmareg,THCON,1,1,32,64,6059
t,t1,15,tt_adddmareg,THCON,1,1,64,64,12221
t,t1,15,tt_adddmareg,THCON,1,1,96,64,18369
t,t1,15,tt_adddmareg,THCON,1,1,128,64,24513
t,t1,16,tt_pad,TTINSN,1,1,32,16,8396
t,t1,16,tt_pad,TTINSN,1,1,64,16,16523
t,t1,16,tt_pad,TTINSN,1,1,96,16,24779
t,t1,16,tt_pad,TTINSN,1,1,128,16,33035
t,t1,17,tt_fuse2,TTINSN,1,1,32,16,9444
t,t1,17,tt_fuse2,TTINSN,1,1,64,16,18575
t,t1,17,tt_fuse2,TTINSN,1,1,96,16,27855
t,t1,17,tt_fuse2,TTINSN,1,1,128,16,37135
t,t1,18,tt_fuse4,TTINSN,1,1,32,16,10647
t,t1,18,tt_fuse4,TTINSN,1,1,64,16,20877
t,t1,18,tt_fuse4,TTINSN,1,1,96,16,31309
t,t1,18,tt_fuse4,TTINSN,1,1,128,16,41741
t,t1,19,tt_spread4,TTINSN,1,1,32,16,10467
t,t1,19,tt_spread4,TTINSN,1,1,64,16,20624
t,t1,19,tt_spread4,TTINSN,1,1,96,16,30928
t,t1,19,tt_spread4,TTINSN,1,1,128,16,41232
t,t2,0,loop_overhead,-,2,0,32,64,79
t,t2,0,loop_overhead,-,2,0,64,64,140
t,t2,0,loop_overhead,-,2,0,96,64,204
t,t2,0,loop_overhead,-,2,0,128,64,268
t,t2,12,tt_nop,NONE,2,0,32,64,2149
t,t2,12,tt_nop,NONE,2,0,64,64,4235
t,t2,12,tt_nop,NONE,2,0,96,64,6347
t,t2,12,tt_nop,NONE,2,0,128,64,8459
t,t2,13,tt_sfpnop,SFPU,2,0,32,64,4050
t,t2,13,tt_sfpnop,SFPU,2,0,64,64,8142
t,t2,13,tt_sfpnop,SFPU,2,0,96,64,12232
t,t2,13,tt_sfpnop,SFPU,2,0,128,64,16329
t,t2,14,tt_setdmareg,THCON,2,0,32,64,4048
t,t2,14,tt_setdmareg,THCON,2,0,64,64,8142
t,t2,14,tt_setdmareg,THCON,2,0,96,64,12238
t,t2,14,tt_setdmareg,THCON,2,0,128,64,16334
t,t2,15,tt_adddmareg,THCON,2,0,32,64,12097
t,t2,15,tt_adddmareg,THCON,2,0,64,64,24490
t,t2,15,tt_adddmareg,THCON,2,0,96,64,36777
t,t2,15,tt_adddmareg,THCON,2,0,128,64,49066
t,t2,16,tt_pad,TTINSN,2,0,32,16,8463
t,t2,16,tt_pad,TTINSN,2,0,64,16,16781
t,t2,16,tt_pad,TTINSN,2,0,96,16,25165
t,t2,16,tt_pad,TTINSN,2,0,128,16,33549
t,t2,17,tt_fuse2,TTINSN,2,0,32,16,9348
t,t2,17,tt_fuse2,TTINSN,2,0,64,16,18575
t,t2,17,tt_fuse2,TTINSN,2,0,96,16,27855
t,t2,17,tt_fuse2,TTINSN,2,0,128,16,37135
t,t2,18,tt_fuse4,TTINSN,2,0,32,16,10449
t,t2,18,tt_fuse4,TTINSN,2,0,64,16,20621
t,t2,18,tt_fuse4,TTINSN,2,0,96,16,30925
t,t2,18,tt_fuse4,TTINSN,2,0,128,16,41229
t,t2,19,tt_spread4,TTINSN,2,0,32,16,10517
t,t2,19,tt_spread4,TTINSN,2,0,64,16,20624
t,t2,19,tt_spread4,TTINSN,2,0,96,16,30928
t,t2,19,tt_spread4,TTINSN,2,0,128,16,41232
t,t2,0,loop_overhead,-,2,1,32,64,76
t,t2,0,loop_overhead,-,2,1,64,64,140
t,t2,0,loop_overhead,-,2,1,96,64,204
t,t2,0,loop_overhead,-,2,1,128,64,268
t,t2,12,tt_nop,NONE,2,1,32,64,2137
t,t2,12,tt_nop,NONE,2,1,64,64,4235
t,t2,12,tt_nop,NONE,2,1,96,64,6347
t,t2,12,tt_nop,NONE,2,1,128,64,8459
t,t2,13,tt_sfpnop,SFPU,2,1,32,64,4042
t,t2,13,tt_sfpnop,SFPU,2,1,64,64,8134
t,t2,13,tt_sfpnop,SFPU,2,1,96,64,12238
t,t2,13,tt_sfpnop,SFPU,2,1,128,64,16334
t,t2,14,tt_setdmareg,THCON,2,1,32,64,4043
t,t2,14,tt_setdmareg,THCON,2,1,64,64,8142
t,t2,14,tt_setdmareg,THCON,2,1,96,64,12238
t,t2,14,tt_setdmareg,THCON,2,1,128,64,16334
t,t2,15,tt_adddmareg,THCON,2,1,32,64,12104
t,t2,15,tt_adddmareg,THCON,2,1,64,64,24498
t,t2,15,tt_adddmareg,THCON,2,1,96,64,36785
t,t2,15,tt_adddmareg,THCON,2,1,128,64,49074
t,t2,16,tt_pad,TTINSN,2,1,32,16,8313
t,t2,16,tt_pad,TTINSN,2,1,64,16,16523
t,t2,16,tt_pad,TTINSN,2,1,96,16,24779
t,t2,16,tt_pad,TTINSN,2,1,128,16,33035
t,t2,17,tt_fuse2,TTINSN,2,1,32,16,9347
t,t2,17,tt_fuse2,TTINSN,2,1,64,16,18575
t,t2,17,tt_fuse2,TTINSN,2,1,96,16,27855
t,t2,17,tt_fuse2,TTINSN,2,1,128,16,37135
t,t2,18,tt_fuse4,TTINSN,2,1,32,16,10378
t,t2,18,tt_fuse4,TTINSN,2,1,64,16,20621
t,t2,18,tt_fuse4,TTINSN,2,1,96,16,30925
t,t2,18,tt_fuse4,TTINSN,2,1,128,16,41229
t,t2,19,tt_spread4,TTINSN,2,1,32,16,10379
t,t2,19,tt_spread4,TTINSN,2,1,64,16,20624
t,t2,19,tt_spread4,TTINSN,2,1,96,16,30928
t,t2,19,tt_spread4,TTINSN,2,1,128,16,41232
t,t3,0,loop_overhead,-,3,0,32,64,76
t,t3,0,loop_overhead,-,3,0,64,64,140
t,t3,0,loop_overhead,-,3,0,96,64,204
t,t3,0,loop_overhead,-,3,0,128,64,268
t,t3,12,tt_nop,NONE,3,0,32,64,2141
t,t3,12,tt_nop,NONE,3,0,64,64,4235
t,t3,12,tt_nop,NONE,3,0,96,64,6347
t,t3,12,tt_nop,NONE,3,0,128,64,8459
t,t3,13,tt_sfpnop,SFPU,3,0,32,64,6037
t,t3,13,tt_sfpnop,SFPU,3,0,64,64,12189
t,t3,13,tt_sfpnop,SFPU,3,0,96,64,18343
t,t3,13,tt_sfpnop,SFPU,3,0,128,64,24493
t,t3,14,tt_setdmareg,THCON,3,0,32,64,6047
t,t3,14,tt_setdmareg,THCON,3,0,64,64,12190
t,t3,14,tt_setdmareg,THCON,3,0,96,64,18341
t,t3,14,tt_setdmareg,THCON,3,0,128,64,24490
t,t3,15,tt_adddmareg,THCON,3,0,32,64,18103
t,t3,15,tt_adddmareg,THCON,3,0,64,64,36713
t,t3,15,tt_adddmareg,THCON,3,0,96,64,55155
t,t3,15,tt_adddmareg,THCON,3,0,128,64,73578
t,t3,16,tt_pad,TTINSN,3,0,32,16,8314
t,t3,16,tt_pad,TTINSN,3,0,64,16,16523
t,t3,16,tt_pad,TTINSN,3,0,96,16,24779
t,t3,16,tt_pad,TTINSN,3,0,128,16,33035
t,t3,17,tt_fuse2,TTINSN,3,0,32,16,9349
t,t3,17,tt_fuse2,TTINSN,3,0,64,16,18575
t,t3,17,tt_fuse2,TTINSN,3,0,96,16,27855
t,t3,17,tt_fuse2,TTINSN,3,0,128,16,37135
t,t3,18,tt_fuse4,TTINSN,3,0,32,16,10377
t,t3,18,tt_fuse4,TTINSN,3,0,64,16,20621
t,t3,18,tt_fuse4,TTINSN,3,0,96,16,30925
t,t3,18,tt_fuse4,TTINSN,3,0,128,16,41229
t,t3,19,tt_spread4,TTINSN,3,0,32,16,10378
t,t3,19,tt_spread4,TTINSN,3,0,64,16,20624
t,t3,19,tt_spread4,TTINSN,3,0,96,16,30928
t,t3,19,tt_spread4,TTINSN,3,0,128,16,41232
t,t3,0,loop_overhead,-,3,1,32,64,76
t,t3,0,loop_overhead,-,3,1,64,64,140
t,t3,0,loop_overhead,-,3,1,96,64,204
t,t3,0,loop_overhead,-,3,1,128,64,268
t,t3,12,tt_nop,NONE,3,1,32,64,2136
t,t3,12,tt_nop,NONE,3,1,64,64,4235
t,t3,12,tt_nop,NONE,3,1,96,64,6347
t,t3,12,tt_nop,NONE,3,1,128,64,8459
t,t3,13,tt_sfpnop,SFPU,3,1,32,64,6042
t,t3,13,tt_sfpnop,SFPU,3,1,64,64,12194
t,t3,13,tt_sfpnop,SFPU,3,1,96,64,18347
t,t3,13,tt_sfpnop,SFPU,3,1,128,64,24497
t,t3,14,tt_setdmareg,THCON,3,1,32,64,6041
t,t3,14,tt_setdmareg,THCON,3,1,64,64,12197
t,t3,14,tt_setdmareg,THCON,3,1,96,64,18345
t,t3,14,tt_setdmareg,THCON,3,1,128,64,24497
t,t3,15,tt_adddmareg,THCON,3,1,32,64,18124
t,t3,15,tt_adddmareg,THCON,3,1,64,64,36745
t,t3,15,tt_adddmareg,THCON,3,1,96,64,55183
t,t3,15,tt_adddmareg,THCON,3,1,128,64,73614
t,t3,16,tt_pad,TTINSN,3,1,32,16,8312
t,t3,16,tt_pad,TTINSN,3,1,64,16,16523
t,t3,16,tt_pad,TTINSN,3,1,96,16,24779
t,t3,16,tt_pad,TTINSN,3,1,128,16,33035
t,t3,17,tt_fuse2,TTINSN,3,1,32,16,9348
t,t3,17,tt_fuse2,TTINSN,3,1,64,16,18575
t,t3,17,tt_fuse2,TTINSN,3,1,96,16,27855
t,t3,17,tt_fuse2,TTINSN,3,1,128,16,37135
t,t3,18,tt_fuse4,TTINSN,3,1,32,16,10377
t,t3,18,tt_fuse4,TTINSN,3,1,64,16,20621
t,t3,18,tt_fuse4,TTINSN,3,1,96,16,30925
t,t3,18,tt_fuse4,TTINSN,3,1,128,16,41229
t,t3,19,tt_spread4,TTINSN,3,1,32,16,10377
t,t3,19,tt_spread4,TTINSN,3,1,64,16,20624
t,t3,19,tt_spread4,TTINSN,3,1,96,16,30928
t,t3,19,tt_spread4,TTINSN,3,1,128,16,41232
t,t3,0,loop_overhead,-,3,2,32,64,86
t,t3,0,loop_overhead,-,3,2,64,64,140
t,t3,0,loop_overhead,-,3,2,96,64,204
t,t3,0,loop_overhead,-,3,2,128,64,268
t,t3,12,tt_nop,NONE,3,2,32,64,2167
t,t3,12,tt_nop,NONE,3,2,64,64,4235
t,t3,12,tt_nop,NONE,3,2,96,64,6347
t,t3,12,tt_nop,NONE,3,2,128,64,8459
t,t3,13,tt_sfpnop,SFPU,3,2,32,64,6063
t,t3,13,tt_sfpnop,SFPU,3,2,64,64,12203
t,t3,13,tt_sfpnop,SFPU,3,2,96,64,18348
t,t3,13,tt_sfpnop,SFPU,3,2,128,64,24498
t,t3,14,tt_setdmareg,THCON,3,2,32,64,6062
t,t3,14,tt_setdmareg,THCON,3,2,64,64,12202
t,t3,14,tt_setdmareg,THCON,3,2,96,64,18346
t,t3,14,tt_setdmareg,THCON,3,2,128,64,24498
t,t3,15,tt_adddmareg,THCON,3,2,32,64,18140
t,t3,15,tt_adddmareg,THCON,3,2,64,64,36766
t,t3,15,tt_adddmareg,THCON,3,2,96,64,55212
t,t3,15,tt_adddmareg,THCON,3,2,128,64,73644
t,t3,16,tt_pad,TTINSN,3,2,32,16,8423
t,t3,16,tt_pad,TTINSN,3,2,64,16,16523
t,t3,16,tt_pad,TTINSN,3,2,96,16,24779
t,t3,16,tt_pad,TTINSN,3,2,128,16,33035
t,t3,17,tt_fuse2,TTINSN,3,2,32,16,9963
t,t3,17,tt_fuse2,TTINSN,3,2,64,16,19350
t,t3,17,tt_fuse2,TTINSN,3,2,96,16,29005
t,t3,17,tt_fuse2,TTINSN,3,2,128,16,38669
t,t3,18,tt_fuse4,TTINSN,3,2,32,16,10379
t,t3,18,tt_fuse4,TTINSN,3,2,64,16,20621
t,t3,18,tt_fuse4,TTINSN,3,2,96,16,30925
t,t3,18,tt_fuse4,TTINSN,3,2,128,16,41229
t,t3,19,tt_spread4,TTINSN,3,2,32,16,10379
t,t3,19,tt_spread4,TTINSN,3,2,64,16,20624
t,t3,19,tt_spread4,TTINSN,3,2,96,16,30928
t,t3,19,tt_spread4,TTINSN,3,2,128,16,41232
c,t1,0,loop_overhead,-,1,1,32,64,82
c,t1,0,loop_overhead,-,1,1,64,64,140
c,t1,0,loop_overhead,-,1,1,96,64,204
c,t1,0,loop_overhead,-,1,1,128,64,268
c,t1,20,c_ctrl_xor,RV_BR,1,1,32,64,2138
c,t1,20,c_ctrl_xor,RV_BR,1,1,64,64,4235
c,t1,20,c_ctrl_xor,RV_BR,1,1,96,64,6347
c,t1,20,c_ctrl_xor,RV_BR,1,1,128,64,8459
c,t1,21,c_nt,RV_BR,1,1,32,64,2137
c,t1,21,c_nt,RV_BR,1,1,64,64,4235
c,t1,21,c_nt,RV_BR,1,1,96,64,6347
c,t1,21,c_nt,RV_BR,1,1,128,64,8459
c,t1,22,c_t,RV_BR,1,1,32,64,2635
c,t1,22,c_t,RV_BR,1,1,64,64,4491
c,t1,22,c_t,RV_BR,1,1,96,64,6603
c,t1,22,c_t,RV_BR,1,1,128,64,8715
c,t1,23,c_xor_nt,RV_BR,1,1,32,64,4229
c,t1,23,c_xor_nt,RV_BR,1,1,64,64,8335
c,t1,23,c_xor_nt,RV_BR,1,1,96,64,12495
c,t1,23,c_xor_nt,RV_BR,1,1,128,64,16655
c,t1,24,c_xor_t,RV_BR,1,1,32,64,4496
c,t1,24,c_xor_t,RV_BR,1,1,64,64,8335
c,t1,24,c_xor_t,RV_BR,1,1,96,64,12495
c,t1,24,c_xor_t,RV_BR,1,1,128,64,16655
c,t1,25,c_xor_alt,RV_BR,1,1,32,64,4358
c,t1,25,c_xor_alt,RV_BR,1,1,64,64,8335
c,t1,25,c_xor_alt,RV_BR,1,1,96,64,12495
c,t1,25,c_xor_alt,RV_BR,1,1,128,64,16655
c,t1,26,c_jal,RV_BR,1,1,32,64,2648
c,t1,26,c_jal,RV_BR,1,1,64,64,4701
c,t1,26,c_jal,RV_BR,1,1,96,64,6609
c,t1,26,c_jal,RV_BR,1,1,128,64,8721
c,t2,0,loop_overhead,-,2,0,32,64,76
c,t2,0,loop_overhead,-,2,0,64,64,140
c,t2,0,loop_overhead,-,2,0,96,64,204
c,t2,0,loop_overhead,-,2,0,128,64,268
c,t2,20,c_ctrl_xor,RV_BR,2,0,32,64,2140
c,t2,20,c_ctrl_xor,RV_BR,2,0,64,64,4235
c,t2,20,c_ctrl_xor,RV_BR,2,0,96,64,6347
c,t2,20,c_ctrl_xor,RV_BR,2,0,128,64,8459
c,t2,21,c_nt,RV_BR,2,0,32,64,2138
c,t2,21,c_nt,RV_BR,2,0,64,64,4235
c,t2,21,c_nt,RV_BR,2,0,96,64,6347
c,t2,21,c_nt,RV_BR,2,0,128,64,8459
c,t2,22,c_t,RV_BR,2,0,32,64,2635
c,t2,22,c_t,RV_BR,2,0,64,64,4715
c,t2,22,c_t,RV_BR,2,0,96,64,6603
c,t2,22,c_t,RV_BR,2,0,128,64,8715
c,t2,23,c_xor_nt,RV_BR,2,0,32,64,4199
c,t2,23,c_xor_nt,RV_BR,2,0,64,64,8335
c,t2,23,c_xor_nt,RV_BR,2,0,96,64,12495
c,t2,23,c_xor_nt,RV_BR,2,0,128,64,16655
c,t2,24,c_xor_t,RV_BR,2,0,32,64,4527
c,t2,24,c_xor_t,RV_BR,2,0,64,64,8335
c,t2,24,c_xor_t,RV_BR,2,0,96,64,12495
c,t2,24,c_xor_t,RV_BR,2,0,128,64,16655
c,t2,25,c_xor_alt,RV_BR,2,0,32,64,4376
c,t2,25,c_xor_alt,RV_BR,2,0,64,64,8339
c,t2,25,c_xor_alt,RV_BR,2,0,96,64,12495
c,t2,25,c_xor_alt,RV_BR,2,0,128,64,16655
c,t2,26,c_jal,RV_BR,2,0,32,64,2648
c,t2,26,c_jal,RV_BR,2,0,64,64,4497
c,t2,26,c_jal,RV_BR,2,0,96,64,6609
c,t2,26,c_jal,RV_BR,2,0,128,64,8721
c,t2,0,loop_overhead,-,2,1,32,64,76
c,t2,0,loop_overhead,-,2,1,64,64,140
c,t2,0,loop_overhead,-,2,1,96,64,204
c,t2,0,loop_overhead,-,2,1,128,64,268
c,t2,20,c_ctrl_xor,RV_BR,2,1,32,64,2138
c,t2,20,c_ctrl_xor,RV_BR,2,1,64,64,4235
c,t2,20,c_ctrl_xor,RV_BR,2,1,96,64,6347
c,t2,20,c_ctrl_xor,RV_BR,2,1,128,64,8459
c,t2,21,c_nt,RV_BR,2,1,32,64,2138
c,t2,21,c_nt,RV_BR,2,1,64,64,4235
c,t2,21,c_nt,RV_BR,2,1,96,64,6347
c,t2,21,c_nt,RV_BR,2,1,128,64,8459
c,t2,22,c_t,RV_BR,2,1,32,64,2635
c,t2,22,c_t,RV_BR,2,1,64,64,4715
c,t2,22,c_t,RV_BR,2,1,96,64,6603
c,t2,22,c_t,RV_BR,2,1,128,64,8715
c,t2,23,c_xor_nt,RV_BR,2,1,32,64,4194
c,t2,23,c_xor_nt,RV_BR,2,1,64,64,8335
c,t2,23,c_xor_nt,RV_BR,2,1,96,64,12495
c,t2,23,c_xor_nt,RV_BR,2,1,128,64,16655
c,t2,24,c_xor_t,RV_BR,2,1,32,64,4438
c,t2,24,c_xor_t,RV_BR,2,1,64,64,8335
c,t2,24,c_xor_t,RV_BR,2,1,96,64,12495
c,t2,24,c_xor_t,RV_BR,2,1,128,64,16655
c,t2,25,c_xor_alt,RV_BR,2,1,32,64,4345
c,t2,25,c_xor_alt,RV_BR,2,1,64,64,8335
c,t2,25,c_xor_alt,RV_BR,2,1,96,64,12495
c,t2,25,c_xor_alt,RV_BR,2,1,128,64,16655
c,t2,26,c_jal,RV_BR,2,1,32,64,2648
c,t2,26,c_jal,RV_BR,2,1,64,64,4497
c,t2,26,c_jal,RV_BR,2,1,96,64,6609
c,t2,26,c_jal,RV_BR,2,1,128,64,8721
c,t3,0,loop_overhead,-,3,0,32,64,76
c,t3,0,loop_overhead,-,3,0,64,64,140
c,t3,0,loop_overhead,-,3,0,96,64,204
c,t3,0,loop_overhead,-,3,0,128,64,268
c,t3,20,c_ctrl_xor,RV_BR,3,0,32,64,2139
c,t3,20,c_ctrl_xor,RV_BR,3,0,64,64,4235
c,t3,20,c_ctrl_xor,RV_BR,3,0,96,64,6347
c,t3,20,c_ctrl_xor,RV_BR,3,0,128,64,8459
c,t3,21,c_nt,RV_BR,3,0,32,64,2140
c,t3,21,c_nt,RV_BR,3,0,64,64,4235
c,t3,21,c_nt,RV_BR,3,0,96,64,6347
c,t3,21,c_nt,RV_BR,3,0,128,64,8459
c,t3,22,c_t,RV_BR,3,0,32,64,2635
c,t3,22,c_t,RV_BR,3,0,64,64,4491
c,t3,22,c_t,RV_BR,3,0,96,64,6615
c,t3,22,c_t,RV_BR,3,0,128,64,8715
c,t3,23,c_xor_nt,RV_BR,3,0,32,64,4197
c,t3,23,c_xor_nt,RV_BR,3,0,64,64,8335
c,t3,23,c_xor_nt,RV_BR,3,0,96,64,12495
c,t3,23,c_xor_nt,RV_BR,3,0,128,64,16655
c,t3,24,c_xor_t,RV_BR,3,0,32,64,4461
c,t3,24,c_xor_t,RV_BR,3,0,64,64,8335
c,t3,24,c_xor_t,RV_BR,3,0,96,64,12499
c,t3,24,c_xor_t,RV_BR,3,0,128,64,16655
c,t3,25,c_xor_alt,RV_BR,3,0,32,64,4461
c,t3,25,c_xor_alt,RV_BR,3,0,64,64,8335
c,t3,25,c_xor_alt,RV_BR,3,0,96,64,12495
c,t3,25,c_xor_alt,RV_BR,3,0,128,64,16655
c,t3,26,c_jal,RV_BR,3,0,32,64,2648
c,t3,26,c_jal,RV_BR,3,0,64,64,4497
c,t3,26,c_jal,RV_BR,3,0,96,64,6797
c,t3,26,c_jal,RV_BR,3,0,128,64,8721
c,t3,0,loop_overhead,-,3,1,32,64,76
c,t3,0,loop_overhead,-,3,1,64,64,140
c,t3,0,loop_overhead,-,3,1,96,64,204
c,t3,0,loop_overhead,-,3,1,128,64,268
c,t3,20,c_ctrl_xor,RV_BR,3,1,32,64,2138
c,t3,20,c_ctrl_xor,RV_BR,3,1,64,64,4235
c,t3,20,c_ctrl_xor,RV_BR,3,1,96,64,6347
c,t3,20,c_ctrl_xor,RV_BR,3,1,128,64,8459
c,t3,21,c_nt,RV_BR,3,1,32,64,2138
c,t3,21,c_nt,RV_BR,3,1,64,64,4235
c,t3,21,c_nt,RV_BR,3,1,96,64,6347
c,t3,21,c_nt,RV_BR,3,1,128,64,8459
c,t3,22,c_t,RV_BR,3,1,32,64,2635
c,t3,22,c_t,RV_BR,3,1,64,64,4491
c,t3,22,c_t,RV_BR,3,1,96,64,6603
c,t3,22,c_t,RV_BR,3,1,128,64,8715
c,t3,23,c_xor_nt,RV_BR,3,1,32,64,4194
c,t3,23,c_xor_nt,RV_BR,3,1,64,64,8335
c,t3,23,c_xor_nt,RV_BR,3,1,96,64,12495
c,t3,23,c_xor_nt,RV_BR,3,1,128,64,16655
c,t3,24,c_xor_t,RV_BR,3,1,32,64,4408
c,t3,24,c_xor_t,RV_BR,3,1,64,64,8339
c,t3,24,c_xor_t,RV_BR,3,1,96,64,12496
c,t3,24,c_xor_t,RV_BR,3,1,128,64,16655
c,t3,25,c_xor_alt,RV_BR,3,1,32,64,4339
c,t3,25,c_xor_alt,RV_BR,3,1,64,64,8335
c,t3,25,c_xor_alt,RV_BR,3,1,96,64,12495
c,t3,25,c_xor_alt,RV_BR,3,1,128,64,16655
c,t3,26,c_jal,RV_BR,3,1,32,64,2648
c,t3,26,c_jal,RV_BR,3,1,64,64,4497
c,t3,26,c_jal,RV_BR,3,1,96,64,6609
c,t3,26,c_jal,RV_BR,3,1,128,64,8817
c,t3,0,loop_overhead,-,3,2,32,64,76
c,t3,0,loop_overhead,-,3,2,64,64,140
c,t3,0,loop_overhead,-,3,2,96,64,204
c,t3,0,loop_overhead,-,3,2,128,64,268
c,t3,20,c_ctrl_xor,RV_BR,3,2,32,64,2152
c,t3,20,c_ctrl_xor,RV_BR,3,2,64,64,4235
c,t3,20,c_ctrl_xor,RV_BR,3,2,96,64,6347
c,t3,20,c_ctrl_xor,RV_BR,3,2,128,64,8459
c,t3,21,c_nt,RV_BR,3,2,32,64,2137
c,t3,21,c_nt,RV_BR,3,2,64,64,4235
c,t3,21,c_nt,RV_BR,3,2,96,64,6347
c,t3,21,c_nt,RV_BR,3,2,128,64,8459
c,t3,22,c_t,RV_BR,3,2,32,64,2635
c,t3,22,c_t,RV_BR,3,2,64,64,4715
c,t3,22,c_t,RV_BR,3,2,96,64,6603
c,t3,22,c_t,RV_BR,3,2,128,64,8715
c,t3,23,c_xor_nt,RV_BR,3,2,32,64,4202
c,t3,23,c_xor_nt,RV_BR,3,2,64,64,8335
c,t3,23,c_xor_nt,RV_BR,3,2,96,64,12495
c,t3,23,c_xor_nt,RV_BR,3,2,128,64,16655
c,t3,24,c_xor_t,RV_BR,3,2,32,64,4552
c,t3,24,c_xor_t,RV_BR,3,2,64,64,8343
c,t3,24,c_xor_t,RV_BR,3,2,96,64,12499
c,t3,24,c_xor_t,RV_BR,3,2,128,64,16655
c,t3,25,c_xor_alt,RV_BR,3,2,32,64,4375
c,t3,25,c_xor_alt,RV_BR,3,2,64,64,8335
c,t3,25,c_xor_alt,RV_BR,3,2,96,64,12495
c,t3,25,c_xor_alt,RV_BR,3,2,128,64,16655
c,t3,26,c_jal,RV_BR,3,2,32,64,2648
c,t3,26,c_jal,RV_BR,3,2,64,64,4497
c,t3,26,c_jal,RV_BR,3,2,96,64,6609
c,t3,26,c_jal,RV_BR,3,2,128,64,8969
q,t1,0,loop_overhead,-,1,1,32,64,76
q,t1,0,loop_overhead,-,1,1,64,64,140
q,t1,0,loop_overhead,-,1,1,96,64,204
q,t1,0,loop_overhead,-,1,1,128,64,268
q,t1,27,q_ctrl,TTQUEUE,1,1,1,1,6
q,t1,27,q_ctrl,TTQUEUE,1,1,2,1,11
q,t1,27,q_ctrl,TTQUEUE,1,1,4,1,20
q,t1,27,q_ctrl,TTQUEUE,1,1,8,1,13
q,t1,27,q_ctrl,TTQUEUE,1,1,16,1,21
q,t1,27,q_ctrl,TTQUEUE,1,1,32,1,23
q,t1,27,q_ctrl,TTQUEUE,1,1,64,1,17
q,t1,27,q_ctrl,TTQUEUE,1,1,128,1,18
q,t1,28,q_nop,TTQUEUE,1,1,1,1,7
q,t1,28,q_nop,TTQUEUE,1,1,2,1,20
q,t1,28,q_nop,TTQUEUE,1,1,4,1,23
q,t1,28,q_nop,TTQUEUE,1,1,8,1,28
q,t1,28,q_nop,TTQUEUE,1,1,16,1,48
q,t1,28,q_nop,TTQUEUE,1,1,32,1,54
q,t1,28,q_nop,TTQUEUE,1,1,64,1,97
q,t1,28,q_nop,TTQUEUE,1,1,128,1,157
q,t1,29,q_setdmareg,TTQUEUE,1,1,1,1,7
q,t1,29,q_setdmareg,TTQUEUE,1,1,2,1,13
q,t1,29,q_setdmareg,TTQUEUE,1,1,4,1,16
q,t1,29,q_setdmareg,TTQUEUE,1,1,8,1,29
q,t1,29,q_setdmareg,TTQUEUE,1,1,16,1,37
q,t1,29,q_setdmareg,TTQUEUE,1,1,32,1,65
q,t1,29,q_setdmareg,TTQUEUE,1,1,64,1,87
q,t1,29,q_setdmareg,TTQUEUE,1,1,128,1,155
q,t1,30,q_adddmareg,TTQUEUE,1,1,1,1,7
q,t1,30,q_adddmareg,TTQUEUE,1,1,2,1,13
q,t1,30,q_adddmareg,TTQUEUE,1,1,4,1,16
q,t1,30,q_adddmareg,TTQUEUE,1,1,8,1,35
q,t1,30,q_adddmareg,TTQUEUE,1,1,16,1,34
q,t1,30,q_adddmareg,TTQUEUE,1,1,32,1,55
q,t1,30,q_adddmareg,TTQUEUE,1,1,64,1,104
q,t1,30,q_adddmareg,TTQUEUE,1,1,128,1,317
q,t1,31,q_adddmareg_sync,TTQUEUE,1,1,1,1,21
q,t1,31,q_adddmareg_sync,TTQUEUE,1,1,2,1,21
q,t1,31,q_adddmareg_sync,TTQUEUE,1,1,4,1,26
q,t1,31,q_adddmareg_sync,TTQUEUE,1,1,8,1,36
q,t1,31,q_adddmareg_sync,TTQUEUE,1,1,16,1,60
q,t1,31,q_adddmareg_sync,TTQUEUE,1,1,32,1,108
q,t1,31,q_adddmareg_sync,TTQUEUE,1,1,64,1,204
q,t1,31,q_adddmareg_sync,TTQUEUE,1,1,128,1,396
q,t1,38,q_loop_addi,TTQUEUE,1,1,16,1,35
q,t1,38,q_loop_addi,TTQUEUE,1,1,32,1,48
q,t1,38,q_loop_addi,TTQUEUE,1,1,64,1,84
q,t1,38,q_loop_addi,TTQUEUE,1,1,128,1,156
q,t1,38,q_loop_addi,TTQUEUE,1,1,256,1,300
q,t1,38,q_loop_addi,TTQUEUE,1,1,512,1,588
q,t1,38,q_loop_addi,TTQUEUE,1,1,1024,1,1164
q,t1,39,q_loop_adddmareg,TTQUEUE,1,1,16,1,55
q,t1,39,q_loop_adddmareg,TTQUEUE,1,1,32,1,48
q,t1,39,q_loop_adddmareg,TTQUEUE,1,1,64,1,107
q,t1,39,q_loop_adddmareg,TTQUEUE,1,1,128,1,299
q,t1,39,q_loop_adddmareg,TTQUEUE,1,1,256,1,683
q,t1,39,q_loop_adddmareg,TTQUEUE,1,1,512,1,1451
q,t1,39,q_loop_adddmareg,TTQUEUE,1,1,1024,1,2987
q,t1,40,q_loop_adddmareg_sync,TTQUEUE,1,1,16,1,63
q,t1,40,q_loop_adddmareg_sync,TTQUEUE,1,1,32,1,111
q,t1,40,q_loop_adddmareg_sync,TTQUEUE,1,1,64,1,207
q,t1,40,q_loop_adddmareg_sync,TTQUEUE,1,1,128,1,399
q,t1,40,q_loop_adddmareg_sync,TTQUEUE,1,1,256,1,783
q,t1,40,q_loop_adddmareg_sync,TTQUEUE,1,1,512,1,1551
q,t1,40,q_loop_adddmareg_sync,TTQUEUE,1,1,1024,1,3087
q,t2,0,loop_overhead,-,2,0,32,64,76
q,t2,0,loop_overhead,-,2,0,64,64,140
q,t2,0,loop_overhead,-,2,0,96,64,204
q,t2,0,loop_overhead,-,2,0,128,64,268
q,t2,27,q_ctrl,TTQUEUE,2,0,1,1,7
q,t2,27,q_ctrl,TTQUEUE,2,0,2,1,11
q,t2,27,q_ctrl,TTQUEUE,2,0,4,1,20
q,t2,27,q_ctrl,TTQUEUE,2,0,8,1,13
q,t2,27,q_ctrl,TTQUEUE,2,0,16,1,21
q,t2,27,q_ctrl,TTQUEUE,2,0,32,1,28
q,t2,27,q_ctrl,TTQUEUE,2,0,64,1,18
q,t2,27,q_ctrl,TTQUEUE,2,0,128,1,19
q,t2,28,q_nop,TTQUEUE,2,0,1,1,7
q,t2,28,q_nop,TTQUEUE,2,0,2,1,13
q,t2,28,q_nop,TTQUEUE,2,0,4,1,23
q,t2,28,q_nop,TTQUEUE,2,0,8,1,35
q,t2,28,q_nop,TTQUEUE,2,0,16,1,37
q,t2,28,q_nop,TTQUEUE,2,0,32,1,56
q,t2,28,q_nop,TTQUEUE,2,0,64,1,99
q,t2,28,q_nop,TTQUEUE,2,0,128,1,158
q,t2,29,q_setdmareg,TTQUEUE,2,0,1,1,7
q,t2,29,q_setdmareg,TTQUEUE,2,0,2,1,13
q,t2,29,q_setdmareg,TTQUEUE,2,0,4,1,16
q,t2,29,q_setdmareg,TTQUEUE,2,0,8,1,37
q,t2,29,q_setdmareg,TTQUEUE,2,0,16,1,30
q,t2,29,q_setdmareg,TTQUEUE,2,0,32,1,67
q,t2,29,q_setdmareg,TTQUEUE,2,0,64,1,96
q,t2,29,q_setdmareg,TTQUEUE,2,0,128,1,189
q,t2,30,q_adddmareg,TTQUEUE,2,0,1,1,7
q,t2,30,q_adddmareg,TTQUEUE,2,0,2,1,20
q,t2,30,q_adddmareg,TTQUEUE,2,0,4,1,16
q,t2,30,q_adddmareg,TTQUEUE,2,0,8,1,32
q,t2,30,q_adddmareg,TTQUEUE,2,0,16,1,41
q,t2,30,q_adddmareg,TTQUEUE,2,0,32,1,59
q,t2,30,q_adddmareg,TTQUEUE,2,0,64,1,251
q,t2,30,q_adddmareg,TTQUEUE,2,0,128,1,679
q,t2,31,q_adddmareg_sync,TTQUEUE,2,0,1,1,23
q,t2,31,q_adddmareg_sync,TTQUEUE,2,0,2,1,21
q,t2,31,q_adddmareg_sync,TTQUEUE,2,0,4,1,26
q,t2,31,q_adddmareg_sync,TTQUEUE,2,0,8,1,48
q,t2,31,q_adddmareg_sync,TTQUEUE,2,0,16,1,93
q,t2,31,q_adddmareg_sync,TTQUEUE,2,0,32,1,186
q,t2,31,q_adddmareg_sync,TTQUEUE,2,0,64,1,372
q,t2,31,q_adddmareg_sync,TTQUEUE,2,0,128,1,756
q,t2,38,q_loop_addi,TTQUEUE,2,0,16,1,28
q,t2,38,q_loop_addi,TTQUEUE,2,0,32,1,48
q,t2,38,q_loop_addi,TTQUEUE,2,0,64,1,84
q,t2,38,q_loop_addi,TTQUEUE,2,0,128,1,156
q,t2,38,q_loop_addi,TTQUEUE,2,0,256,1,300
q,t2,38,q_loop_addi,TTQUEUE,2,0,512,1,588
q,t2,38,q_loop_addi,TTQUEUE,2,0,1024,1,1164
q,t2,39,q_loop_adddmareg,TTQUEUE,2,0,16,1,35
q,t2,39,q_loop_adddmareg,TTQUEUE,2,0,32,1,48
q,t2,39,q_loop_adddmareg,TTQUEUE,2,0,64,1,200
q,t2,39,q_loop_adddmareg,TTQUEUE,2,0,128,1,584
q,t2,39,q_loop_adddmareg,TTQUEUE,2,0,256,1,1352
q,t2,39,q_loop_adddmareg,TTQUEUE,2,0,512,1,2888
q,t2,39,q_loop_adddmareg,TTQUEUE,2,0,1024,1,5960
q,t2,40,q_loop_adddmareg_sync,TTQUEUE,2,0,16,1,102
q,t2,40,q_loop_adddmareg_sync,TTQUEUE,2,0,32,1,198
q,t2,40,q_loop_adddmareg_sync,TTQUEUE,2,0,64,1,387
q,t2,40,q_loop_adddmareg_sync,TTQUEUE,2,0,128,1,771
q,t2,40,q_loop_adddmareg_sync,TTQUEUE,2,0,256,1,1539
q,t2,40,q_loop_adddmareg_sync,TTQUEUE,2,0,512,1,3075
q,t2,40,q_loop_adddmareg_sync,TTQUEUE,2,0,1024,1,6147
q,t2,0,loop_overhead,-,2,1,32,64,76
q,t2,0,loop_overhead,-,2,1,64,64,140
q,t2,0,loop_overhead,-,2,1,96,64,204
q,t2,0,loop_overhead,-,2,1,128,64,268
q,t2,27,q_ctrl,TTQUEUE,2,1,1,1,6
q,t2,27,q_ctrl,TTQUEUE,2,1,2,1,11
q,t2,27,q_ctrl,TTQUEUE,2,1,4,1,21
q,t2,27,q_ctrl,TTQUEUE,2,1,8,1,13
q,t2,27,q_ctrl,TTQUEUE,2,1,16,1,21
q,t2,27,q_ctrl,TTQUEUE,2,1,32,1,12
q,t2,27,q_ctrl,TTQUEUE,2,1,64,1,24
q,t2,27,q_ctrl,TTQUEUE,2,1,128,1,18
q,t2,28,q_nop,TTQUEUE,2,1,1,1,14
q,t2,28,q_nop,TTQUEUE,2,1,2,1,13
q,t2,28,q_nop,TTQUEUE,2,1,4,1,23
q,t2,28,q_nop,TTQUEUE,2,1,8,1,28
q,t2,28,q_nop,TTQUEUE,2,1,16,1,44
q,t2,28,q_nop,TTQUEUE,2,1,32,1,54
q,t2,28,q_nop,TTQUEUE,2,1,64,1,91
q,t2,28,q_nop,TTQUEUE,2,1,128,1,155
q,t2,29,q_setdmareg,TTQUEUE,2,1,1,1,7
q,t2,29,q_setdmareg,TTQUEUE,2,1,2,1,20
q,t2,29,q_setdmareg,TTQUEUE,2,1,4,1,16
q,t2,29,q_setdmareg,TTQUEUE,2,1,8,1,28
q,t2,29,q_setdmareg,TTQUEUE,2,1,16,1,44
q,t2,29,q_setdmareg,TTQUEUE,2,1,32,1,61
q,t2,29,q_setdmareg,TTQUEUE,2,1,64,1,98
q,t2,29,q_setdmareg,TTQUEUE,2,1,128,1,196
q,t2,30,q_adddmareg,TTQUEUE,2,1,1,1,7
q,t2,30,q_adddmareg,TTQUEUE,2,1,2,1,13
q,t2,30,q_adddmareg,TTQUEUE,2,1,4,1,16
q,t2,30,q_adddmareg,TTQUEUE,2,1,8,1,35
q,t2,30,q_adddmareg,TTQUEUE,2,1,16,1,37
q,t2,30,q_adddmareg,TTQUEUE,2,1,32,1,55
q,t2,30,q_adddmareg,TTQUEUE,2,1,64,1,255
q,t2,30,q_adddmareg,TTQUEUE,2,1,128,1,676
q,t2,31,q_adddmareg_sync,TTQUEUE,2,1,1,1,21
q,t2,31,q_adddmareg_sync,TTQUEUE,2,1,2,1,21
q,t2,31,q_adddmareg_sync,TTQUEUE,2,1,4,1,27
q,t2,31,q_adddmareg_sync,TTQUEUE,2,1,8,1,50
q,t2,31,q_adddmareg_sync,TTQUEUE,2,1,16,1,96
q,t2,31,q_adddmareg_sync,TTQUEUE,2,1,32,1,188
q,t2,31,q_adddmareg_sync,TTQUEUE,2,1,64,1,376
q,t2,31,q_adddmareg_sync,TTQUEUE,2,1,128,1,758
q,t2,38,q_loop_addi,TTQUEUE,2,1,16,1,28
q,t2,38,q_loop_addi,TTQUEUE,2,1,32,1,48
q,t2,38,q_loop_addi,TTQUEUE,2,1,64,1,84
q,t2,38,q_loop_addi,TTQUEUE,2,1,128,1,156
q,t2,38,q_loop_addi,TTQUEUE,2,1,256,1,300
q,t2,38,q_loop_addi,TTQUEUE,2,1,512,1,588
q,t2,38,q_loop_addi,TTQUEUE,2,1,1024,1,1164
q,t2,39,q_loop_adddmareg,TTQUEUE,2,1,16,1,27
q,t2,39,q_loop_adddmareg,TTQUEUE,2,1,32,1,48
q,t2,39,q_loop_adddmareg,TTQUEUE,2,1,64,1,191
q,t2,39,q_loop_adddmareg,TTQUEUE,2,1,128,1,572
q,t2,39,q_loop_adddmareg,TTQUEUE,2,1,256,1,1337
q,t2,39,q_loop_adddmareg,TTQUEUE,2,1,512,1,2870
q,t2,39,q_loop_adddmareg,TTQUEUE,2,1,1024,1,5945
q,t2,40,q_loop_adddmareg_sync,TTQUEUE,2,1,16,1,106
q,t2,40,q_loop_adddmareg_sync,TTQUEUE,2,1,32,1,200
q,t2,40,q_loop_adddmareg_sync,TTQUEUE,2,1,64,1,390
q,t2,40,q_loop_adddmareg_sync,TTQUEUE,2,1,128,1,774
q,t2,40,q_loop_adddmareg_sync,TTQUEUE,2,1,256,1,1542
q,t2,40,q_loop_adddmareg_sync,TTQUEUE,2,1,512,1,3078
q,t2,40,q_loop_adddmareg_sync,TTQUEUE,2,1,1024,1,6150
q,t3,0,loop_overhead,-,3,0,32,64,76
q,t3,0,loop_overhead,-,3,0,64,64,140
q,t3,0,loop_overhead,-,3,0,96,64,204
q,t3,0,loop_overhead,-,3,0,128,64,268
q,t3,27,q_ctrl,TTQUEUE,3,0,1,1,6
q,t3,27,q_ctrl,TTQUEUE,3,0,2,1,11
q,t3,27,q_ctrl,TTQUEUE,3,0,4,1,20
q,t3,27,q_ctrl,TTQUEUE,3,0,8,1,13
q,t3,27,q_ctrl,TTQUEUE,3,0,16,1,21
q,t3,27,q_ctrl,TTQUEUE,3,0,32,1,20
q,t3,27,q_ctrl,TTQUEUE,3,0,64,1,21
q,t3,27,q_ctrl,TTQUEUE,3,0,128,1,19
q,t3,28,q_nop,TTQUEUE,3,0,1,1,14
q,t3,28,q_nop,TTQUEUE,3,0,2,1,13
q,t3,28,q_nop,TTQUEUE,3,0,4,1,24
q,t3,28,q_nop,TTQUEUE,3,0,8,1,28
q,t3,28,q_nop,TTQUEUE,3,0,16,1,44
q,t3,28,q_nop,TTQUEUE,3,0,32,1,55
q,t3,28,q_nop,TTQUEUE,3,0,64,1,92
q,t3,28,q_nop,TTQUEUE,3,0,128,1,159
q,t3,29,q_setdmareg,TTQUEUE,3,0,1,1,14
q,t3,29,q_setdmareg,TTQUEUE,3,0,2,1,13
q,t3,29,q_setdmareg,TTQUEUE,3,0,4,1,16
q,t3,29,q_setdmareg,TTQUEUE,3,0,8,1,28
q,t3,29,q_setdmareg,TTQUEUE,3,0,16,1,44
q,t3,29,q_setdmareg,TTQUEUE,3,0,32,1,55
q,t3,29,q_setdmareg,TTQUEUE,3,0,64,1,88
q,t3,29,q_setdmareg,TTQUEUE,3,0,128,1,286
q,t3,30,q_adddmareg,TTQUEUE,3,0,1,1,7
q,t3,30,q_adddmareg,TTQUEUE,3,0,2,1,14
q,t3,30,q_adddmareg,TTQUEUE,3,0,4,1,16
q,t3,30,q_adddmareg,TTQUEUE,3,0,8,1,35
q,t3,30,q_adddmareg,TTQUEUE,3,0,16,1,37
q,t3,30,q_adddmareg,TTQUEUE,3,0,32,1,57
q,t3,30,q_adddmareg,TTQUEUE,3,0,64,1,458
q,t3,30,q_adddmareg,TTQUEUE,3,0,128,1,1051
q,t3,31,q_adddmareg_sync,TTQUEUE,3,0,1,1,23
q,t3,31,q_adddmareg_sync,TTQUEUE,3,0,2,1,21
q,t3,31,q_adddmareg_sync,TTQUEUE,3,0,4,1,26
q,t3,31,q_adddmareg_sync,TTQUEUE,3,0,8,1,36
q,t3,31,q_adddmareg_sync,TTQUEUE,3,0,16,1,123
q,t3,31,q_adddmareg_sync,TTQUEUE,3,0,32,1,249
q,t3,31,q_adddmareg_sync,TTQUEUE,3,0,64,1,543
q,t3,31,q_adddmareg_sync,TTQUEUE,3,0,128,1,1137
q,t3,38,q_loop_addi,TTQUEUE,3,0,16,1,28
q,t3,38,q_loop_addi,TTQUEUE,3,0,32,1,48
q,t3,38,q_loop_addi,TTQUEUE,3,0,64,1,84
q,t3,38,q_loop_addi,TTQUEUE,3,0,128,1,156
q,t3,38,q_loop_addi,TTQUEUE,3,0,256,1,300
q,t3,38,q_loop_addi,TTQUEUE,3,0,512,1,588
q,t3,38,q_loop_addi,TTQUEUE,3,0,1024,1,1164
q,t3,39,q_loop_adddmareg,TTQUEUE,3,0,16,1,28
q,t3,39,q_loop_adddmareg,TTQUEUE,3,0,32,1,48
q,t3,39,q_loop_adddmareg,TTQUEUE,3,0,64,1,260
q,t3,39,q_loop_adddmareg,TTQUEUE,3,0,128,1,836
q,t3,39,q_loop_adddmareg,TTQUEUE,3,0,256,1,1988
q,t3,39,q_loop_adddmareg,TTQUEUE,3,0,512,1,4292
q,t3,39,q_loop_adddmareg,TTQUEUE,3,0,1024,1,8900
q,t3,40,q_loop_adddmareg_sync,TTQUEUE,3,0,16,1,123
q,t3,40,q_loop_adddmareg_sync,TTQUEUE,3,0,32,1,267
q,t3,40,q_loop_adddmareg_sync,TTQUEUE,3,0,64,1,555
q,t3,40,q_loop_adddmareg_sync,TTQUEUE,3,0,128,1,1131
q,t3,40,q_loop_adddmareg_sync,TTQUEUE,3,0,256,1,2283
q,t3,40,q_loop_adddmareg_sync,TTQUEUE,3,0,512,1,4587
q,t3,40,q_loop_adddmareg_sync,TTQUEUE,3,0,1024,1,9183
q,t3,0,loop_overhead,-,3,1,32,64,76
q,t3,0,loop_overhead,-,3,1,64,64,140
q,t3,0,loop_overhead,-,3,1,96,64,204
q,t3,0,loop_overhead,-,3,1,128,64,268
q,t3,27,q_ctrl,TTQUEUE,3,1,1,1,6
q,t3,27,q_ctrl,TTQUEUE,3,1,2,1,11
q,t3,27,q_ctrl,TTQUEUE,3,1,4,1,20
q,t3,27,q_ctrl,TTQUEUE,3,1,8,1,13
q,t3,27,q_ctrl,TTQUEUE,3,1,16,1,21
q,t3,27,q_ctrl,TTQUEUE,3,1,32,1,12
q,t3,27,q_ctrl,TTQUEUE,3,1,64,1,24
q,t3,27,q_ctrl,TTQUEUE,3,1,128,1,18
q,t3,28,q_nop,TTQUEUE,3,1,1,1,7
q,t3,28,q_nop,TTQUEUE,3,1,2,1,13
q,t3,28,q_nop,TTQUEUE,3,1,4,1,23
q,t3,28,q_nop,TTQUEUE,3,1,8,1,35
q,t3,28,q_nop,TTQUEUE,3,1,16,1,38
q,t3,28,q_nop,TTQUEUE,3,1,32,1,55
q,t3,28,q_nop,TTQUEUE,3,1,64,1,90
q,t3,28,q_nop,TTQUEUE,3,1,128,1,154
q,t3,29,q_setdmareg,TTQUEUE,3,1,1,1,7
q,t3,29,q_setdmareg,TTQUEUE,3,1,2,1,13
q,t3,29,q_setdmareg,TTQUEUE,3,1,4,1,23
q,t3,29,q_setdmareg,TTQUEUE,3,1,8,1,28
q,t3,29,q_setdmareg,TTQUEUE,3,1,16,1,44
q,t3,29,q_setdmareg,TTQUEUE,3,1,32,1,54
q,t3,29,q_setdmareg,TTQUEUE,3,1,64,1,110
q,t3,29,q_setdmareg,TTQUEUE,3,1,128,1,291
q,t3,30,q_adddmareg,TTQUEUE,3,1,1,1,14
q,t3,30,q_adddmareg,TTQUEUE,3,1,2,1,12
q,t3,30,q_adddmareg,TTQUEUE,3,1,4,1,23
q,t3,30,q_adddmareg,TTQUEUE,3,1,8,1,28
q,t3,30,q_adddmareg,TTQUEUE,3,1,16,1,44
q,t3,30,q_adddmareg,TTQUEUE,3,1,32,1,54
q,t3,30,q_adddmareg,TTQUEUE,3,1,64,1,463
q,t3,30,q_adddmareg,TTQUEUE,3,1,128,1,1061
q,t3,31,q_adddmareg_sync,TTQUEUE,3,1,1,1,21
q,t3,31,q_adddmareg_sync,TTQUEUE,3,1,2,1,21
q,t3,31,q_adddmareg_sync,TTQUEUE,3,1,4,1,32
q,t3,31,q_adddmareg_sync,TTQUEUE,3,1,8,1,57
q,t3,31,q_adddmareg_sync,TTQUEUE,3,1,16,1,139
q,t3,31,q_adddmareg_sync,TTQUEUE,3,1,32,1,273
q,t3,31,q_adddmareg_sync,TTQUEUE,3,1,64,1,564
q,t3,31,q_adddmareg_sync,TTQUEUE,3,1,128,1,1149
q,t3,38,q_loop_addi,TTQUEUE,3,1,16,1,28
q,t3,38,q_loop_addi,TTQUEUE,3,1,32,1,48
q,t3,38,q_loop_addi,TTQUEUE,3,1,64,1,84
q,t3,38,q_loop_addi,TTQUEUE,3,1,128,1,156
q,t3,38,q_loop_addi,TTQUEUE,3,1,256,1,300
q,t3,38,q_loop_addi,TTQUEUE,3,1,512,1,588
q,t3,38,q_loop_addi,TTQUEUE,3,1,1024,1,1164
q,t3,39,q_loop_adddmareg,TTQUEUE,3,1,16,1,28
q,t3,39,q_loop_adddmareg,TTQUEUE,3,1,32,1,48
q,t3,39,q_loop_adddmareg,TTQUEUE,3,1,64,1,284
q,t3,39,q_loop_adddmareg,TTQUEUE,3,1,128,1,860
q,t3,39,q_loop_adddmareg,TTQUEUE,3,1,256,1,2012
q,t3,39,q_loop_adddmareg,TTQUEUE,3,1,512,1,4316
q,t3,39,q_loop_adddmareg,TTQUEUE,3,1,1024,1,8924
q,t3,40,q_loop_adddmareg_sync,TTQUEUE,3,1,16,1,142
q,t3,40,q_loop_adddmareg_sync,TTQUEUE,3,1,32,1,285
q,t3,40,q_loop_adddmareg_sync,TTQUEUE,3,1,64,1,573
q,t3,40,q_loop_adddmareg_sync,TTQUEUE,3,1,128,1,1149
q,t3,40,q_loop_adddmareg_sync,TTQUEUE,3,1,256,1,2301
q,t3,40,q_loop_adddmareg_sync,TTQUEUE,3,1,512,1,4605
q,t3,40,q_loop_adddmareg_sync,TTQUEUE,3,1,1024,1,9207
q,t3,0,loop_overhead,-,3,2,32,64,76
q,t3,0,loop_overhead,-,3,2,64,64,140
q,t3,0,loop_overhead,-,3,2,96,64,204
q,t3,0,loop_overhead,-,3,2,128,64,268
q,t3,27,q_ctrl,TTQUEUE,3,2,1,1,6
q,t3,27,q_ctrl,TTQUEUE,3,2,2,1,11
q,t3,27,q_ctrl,TTQUEUE,3,2,4,1,23
q,t3,27,q_ctrl,TTQUEUE,3,2,8,1,13
q,t3,27,q_ctrl,TTQUEUE,3,2,16,1,21
q,t3,27,q_ctrl,TTQUEUE,3,2,32,1,23
q,t3,27,q_ctrl,TTQUEUE,3,2,64,1,17
q,t3,27,q_ctrl,TTQUEUE,3,2,128,1,18
q,t3,28,q_nop,TTQUEUE,3,2,1,1,7
q,t3,28,q_nop,TTQUEUE,3,2,2,1,13
q,t3,28,q_nop,TTQUEUE,3,2,4,1,27
q,t3,28,q_nop,TTQUEUE,3,2,8,1,28
q,t3,28,q_nop,TTQUEUE,3,2,16,1,44
q,t3,28,q_nop,TTQUEUE,3,2,32,1,59
q,t3,28,q_nop,TTQUEUE,3,2,64,1,100
q,t3,28,q_nop,TTQUEUE,3,2,128,1,156
q,t3,29,q_setdmareg,TTQUEUE,3,2,1,1,7
q,t3,29,q_setdmareg,TTQUEUE,3,2,2,1,13
q,t3,29,q_setdmareg,TTQUEUE,3,2,4,1,16
q,t3,29,q_setdmareg,TTQUEUE,3,2,8,1,28
q,t3,29,q_setdmareg,TTQUEUE,3,2,16,1,37
q,t3,29,q_setdmareg,TTQUEUE,3,2,32,1,54
q,t3,29,q_setdmareg,TTQUEUE,3,2,64,1,101
q,t3,29,q_setdmareg,TTQUEUE,3,2,128,1,287
q,t3,30,q_adddmareg,TTQUEUE,3,2,1,1,14
q,t3,30,q_adddmareg,TTQUEUE,3,2,2,1,13
q,t3,30,q_adddmareg,TTQUEUE,3,2,4,1,16
q,t3,30,q_adddmareg,TTQUEUE,3,2,8,1,35
q,t3,30,q_adddmareg,TTQUEUE,3,2,16,1,45
q,t3,30,q_adddmareg,TTQUEUE,3,2,32,1,65
q,t3,30,q_adddmareg,TTQUEUE,3,2,64,1,446
q,t3,30,q_adddmareg,TTQUEUE,3,2,128,1,1061
q,t3,31,q_adddmareg_sync,TTQUEUE,3,2,1,1,21
q,t3,31,q_adddmareg_sync,TTQUEUE,3,2,2,1,21
q,t3,31,q_adddmareg_sync,TTQUEUE,3,2,4,1,30
q,t3,31,q_adddmareg_sync,TTQUEUE,3,2,8,1,56
q,t3,31,q_adddmareg_sync,TTQUEUE,3,2,16,1,138
q,t3,31,q_adddmareg_sync,TTQUEUE,3,2,32,1,272
q,t3,31,q_adddmareg_sync,TTQUEUE,3,2,64,1,563
q,t3,31,q_adddmareg_sync,TTQUEUE,3,2,128,1,1148
q,t3,38,q_loop_addi,TTQUEUE,3,2,16,1,29
q,t3,38,q_loop_addi,TTQUEUE,3,2,32,1,48
q,t3,38,q_loop_addi,TTQUEUE,3,2,64,1,84
q,t3,38,q_loop_addi,TTQUEUE,3,2,128,1,156
q,t3,38,q_loop_addi,TTQUEUE,3,2,256,1,300
q,t3,38,q_loop_addi,TTQUEUE,3,2,512,1,588
q,t3,38,q_loop_addi,TTQUEUE,3,2,1024,1,1164
q,t3,39,q_loop_adddmareg,TTQUEUE,3,2,16,1,28
q,t3,39,q_loop_adddmareg,TTQUEUE,3,2,32,1,48
q,t3,39,q_loop_adddmareg,TTQUEUE,3,2,64,1,284
q,t3,39,q_loop_adddmareg,TTQUEUE,3,2,128,1,860
q,t3,39,q_loop_adddmareg,TTQUEUE,3,2,256,1,2012
q,t3,39,q_loop_adddmareg,TTQUEUE,3,2,512,1,4316
q,t3,39,q_loop_adddmareg,TTQUEUE,3,2,1024,1,8924
q,t3,40,q_loop_adddmareg_sync,TTQUEUE,3,2,16,1,140
q,t3,40,q_loop_adddmareg_sync,TTQUEUE,3,2,32,1,286
q,t3,40,q_loop_adddmareg_sync,TTQUEUE,3,2,64,1,574
q,t3,40,q_loop_adddmareg_sync,TTQUEUE,3,2,128,1,1150
q,t3,40,q_loop_adddmareg_sync,TTQUEUE,3,2,256,1,2302
q,t3,40,q_loop_adddmareg_sync,TTQUEUE,3,2,512,1,4606
q,t3,40,q_loop_adddmareg_sync,TTQUEUE,3,2,1024,1,9208
f,t1,0,loop_overhead,-,1,1,32,64,76
f,t1,0,loop_overhead,-,1,1,64,64,140
f,t1,0,loop_overhead,-,1,1,96,64,204
f,t1,0,loop_overhead,-,1,1,128,64,268
f,t1,32,f_64,RV_FETCH,1,1,32,64,2138
f,t1,32,f_64,RV_FETCH,1,1,64,64,4235
f,t1,32,f_64,RV_FETCH,1,1,96,64,6347
f,t1,32,f_64,RV_FETCH,1,1,128,64,8459
f,t1,33,f_128,RV_FETCH,1,1,32,128,4195
f,t1,33,f_128,RV_FETCH,1,1,64,128,8331
f,t1,33,f_128,RV_FETCH,1,1,96,128,12491
f,t1,33,f_128,RV_FETCH,1,1,128,128,16651
f,t1,34,f_256,RV_FETCH,1,1,32,256,8315
f,t1,34,f_256,RV_FETCH,1,1,64,256,16523
f,t1,34,f_256,RV_FETCH,1,1,96,256,24779
f,t1,34,f_256,RV_FETCH,1,1,128,256,33035
f,t1,35,f_512,RV_FETCH,1,1,32,512,16579
f,t1,35,f_512,RV_FETCH,1,1,64,512,32914
f,t1,35,f_512,RV_FETCH,1,1,96,512,49362
f,t1,35,f_512,RV_FETCH,1,1,128,512,65810
f,t1,36,f_1024,RV_FETCH,1,1,32,1024,33181
f,t1,36,f_1024,RV_FETCH,1,1,64,1024,65863
f,t1,36,f_1024,RV_FETCH,1,1,96,1024,98770
f,t1,36,f_1024,RV_FETCH,1,1,128,1024,131681
f,t1,37,f_2048,RV_FETCH,1,1,32,2048,82095
f,t1,37,f_2048,RV_FETCH,1,1,64,2048,164165
f,t1,37,f_2048,RV_FETCH,1,1,96,2048,246245
f,t1,37,f_2048,RV_FETCH,1,1,128,2048,328326
f,t2,0,loop_overhead,-,2,0,32,64,76
f,t2,0,loop_overhead,-,2,0,64,64,140
f,t2,0,loop_overhead,-,2,0,96,64,204
f,t2,0,loop_overhead,-,2,0,128,64,268
f,t2,32,f_64,RV_FETCH,2,0,32,64,2141
f,t2,32,f_64,RV_FETCH,2,0,64,64,4235
f,t2,32,f_64,RV_FETCH,2,0,96,64,6347
f,t2,32,f_64,RV_FETCH,2,0,128,64,8459
f,t2,33,f_128,RV_FETCH,2,0,32,128,4246
f,t2,33,f_128,RV_FETCH,2,0,64,128,8331
f,t2,33,f_128,RV_FETCH,2,0,96,128,12491
f,t2,33,f_128,RV_FETCH,2,0,128,128,16651
f,t2,34,f_256,RV_FETCH,2,0,32,256,8512
f,t2,34,f_256,RV_FETCH,2,0,64,256,16781
f,t2,34,f_256,RV_FETCH,2,0,96,256,25165
f,t2,34,f_256,RV_FETCH,2,0,128,256,33549
f,t2,35,f_512,RV_FETCH,2,0,32,512,16855
f,t2,35,f_512,RV_FETCH,2,0,64,512,33165
f,t2,35,f_512,RV_FETCH,2,0,96,512,49741
f,t2,35,f_512,RV_FETCH,2,0,128,512,66317
f,t2,36,f_1024,RV_FETCH,2,0,32,1024,33601
f,t2,36,f_1024,RV_FETCH,2,0,64,1024,66504
f,t2,36,f_1024,RV_FETCH,2,0,96,1024,99736
f,t2,36,f_1024,RV_FETCH,2,0,128,1024,133000
f,t2,37,f_2048,RV_FETCH,2,0,32,2048,82244
f,t2,37,f_2048,RV_FETCH,2,0,64,2048,164472
f,t2,37,f_2048,RV_FETCH,2,0,96,2048,246711
f,t2,37,f_2048,RV_FETCH,2,0,128,2048,328951
f,t2,0,loop_overhead,-,2,1,32,64,76
f,t2,0,loop_overhead,-,2,1,64,64,140
f,t2,0,loop_overhead,-,2,1,96,64,204
f,t2,0,loop_overhead,-,2,1,128,64,268
f,t2,32,f_64,RV_FETCH,2,1,32,64,2138
f,t2,32,f_64,RV_FETCH,2,1,64,64,4235
f,t2,32,f_64,RV_FETCH,2,1,96,64,6347
f,t2,32,f_64,RV_FETCH,2,1,128,64,8459
f,t2,33,f_128,RV_FETCH,2,1,32,128,4195
f,t2,33,f_128,RV_FETCH,2,1,64,128,8331
f,t2,33,f_128,RV_FETCH,2,1,96,128,12491
f,t2,33,f_128,RV_FETCH,2,1,128,128,16651
f,t2,34,f_256,RV_FETCH,2,1,32,256,8313
f,t2,34,f_256,RV_FETCH,2,1,64,256,16523
f,t2,34,f_256,RV_FETCH,2,1,96,256,24779
f,t2,34,f_256,RV_FETCH,2,1,128,256,33035
f,t2,35,f_512,RV_FETCH,2,1,32,512,16578
f,t2,35,f_512,RV_FETCH,2,1,64,512,32922
f,t2,35,f_512,RV_FETCH,2,1,96,512,49362
f,t2,35,f_512,RV_FETCH,2,1,128,512,65818
f,t2,36,f_1024,RV_FETCH,2,1,32,1024,33167
f,t2,36,f_1024,RV_FETCH,2,1,64,1024,65862
f,t2,36,f_1024,RV_FETCH,2,1,96,1024,98784
f,t2,36,f_1024,RV_FETCH,2,1,128,1024,131683
f,t2,37,f_2048,RV_FETCH,2,1,32,2048,82074
f,t2,37,f_2048,RV_FETCH,2,1,64,2048,164164
f,t2,37,f_2048,RV_FETCH,2,1,96,2048,246244
f,t2,37,f_2048,RV_FETCH,2,1,128,2048,328324
f,t3,0,loop_overhead,-,3,0,32,64,82
f,t3,0,loop_overhead,-,3,0,64,64,140
f,t3,0,loop_overhead,-,3,0,96,64,204
f,t3,0,loop_overhead,-,3,0,128,64,268
f,t3,32,f_64,RV_FETCH,3,0,32,64,2141
f,t3,32,f_64,RV_FETCH,3,0,64,64,4235
f,t3,32,f_64,RV_FETCH,3,0,96,64,6347
f,t3,32,f_64,RV_FETCH,3,0,128,64,8459
f,t3,33,f_128,RV_FETCH,3,0,32,128,4198
f,t3,33,f_128,RV_FETCH,3,0,64,128,8331
f,t3,33,f_128,RV_FETCH,3,0,96,128,12491
f,t3,33,f_128,RV_FETCH,3,0,128,128,16651
f,t3,34,f_256,RV_FETCH,3,0,32,256,8334
f,t3,34,f_256,RV_FETCH,3,0,64,256,16523
f,t3,34,f_256,RV_FETCH,3,0,96,256,24779
f,t3,34,f_256,RV_FETCH,3,0,128,256,33035
f,t3,35,f_512,RV_FETCH,3,0,32,512,16572
f,t3,35,f_512,RV_FETCH,3,0,64,512,32907
f,t3,35,f_512,RV_FETCH,3,0,96,512,49355
f,t3,35,f_512,RV_FETCH,3,0,128,512,65810
f,t3,36,f_1024,RV_FETCH,3,0,32,1024,33487
f,t3,36,f_1024,RV_FETCH,3,0,64,1024,66503
f,t3,36,f_1024,RV_FETCH,3,0,96,1024,99726
f,t3,36,f_1024,RV_FETCH,3,0,128,1024,132972
f,t3,37,f_2048,RV_FETCH,3,0,32,2048,82221
f,t3,37,f_2048,RV_FETCH,3,0,64,2048,164471
f,t3,37,f_2048,RV_FETCH,3,0,96,2048,246711
f,t3,37,f_2048,RV_FETCH,3,0,128,2048,328952
f,t3,0,loop_overhead,-,3,1,32,64,76
f,t3,0,loop_overhead,-,3,1,64,64,140
f,t3,0,loop_overhead,-,3,1,96,64,204
f,t3,0,loop_overhead,-,3,1,128,64,268
f,t3,32,f_64,RV_FETCH,3,1,32,64,2136
f,t3,32,f_64,RV_FETCH,3,1,64,64,4235
f,t3,32,f_64,RV_FETCH,3,1,96,64,6347
f,t3,32,f_64,RV_FETCH,3,1,128,64,8459
f,t3,33,f_128,RV_FETCH,3,1,32,128,4194
f,t3,33,f_128,RV_FETCH,3,1,64,128,8331
f,t3,33,f_128,RV_FETCH,3,1,96,128,12491
f,t3,33,f_128,RV_FETCH,3,1,128,128,16651
f,t3,34,f_256,RV_FETCH,3,1,32,256,8313
f,t3,34,f_256,RV_FETCH,3,1,64,256,16523
f,t3,34,f_256,RV_FETCH,3,1,96,256,24779
f,t3,34,f_256,RV_FETCH,3,1,128,256,33035
f,t3,35,f_512,RV_FETCH,3,1,32,512,16570
f,t3,35,f_512,RV_FETCH,3,1,64,512,32914
f,t3,35,f_512,RV_FETCH,3,1,96,512,49362
f,t3,35,f_512,RV_FETCH,3,1,128,512,65810
f,t3,36,f_1024,RV_FETCH,3,1,32,1024,33172
f,t3,36,f_1024,RV_FETCH,3,1,64,1024,65871
f,t3,36,f_1024,RV_FETCH,3,1,96,1024,98769
f,t3,36,f_1024,RV_FETCH,3,1,128,1024,131677
f,t3,37,f_2048,RV_FETCH,3,1,32,2048,82084
f,t3,37,f_2048,RV_FETCH,3,1,64,2048,164164
f,t3,37,f_2048,RV_FETCH,3,1,96,2048,246244
f,t3,37,f_2048,RV_FETCH,3,1,128,2048,328324
f,t3,0,loop_overhead,-,3,2,32,64,76
f,t3,0,loop_overhead,-,3,2,64,64,140
f,t3,0,loop_overhead,-,3,2,96,64,204
f,t3,0,loop_overhead,-,3,2,128,64,268
f,t3,32,f_64,RV_FETCH,3,2,32,64,2137
f,t3,32,f_64,RV_FETCH,3,2,64,64,4241
f,t3,32,f_64,RV_FETCH,3,2,96,64,6347
f,t3,32,f_64,RV_FETCH,3,2,128,64,8459
f,t3,33,f_128,RV_FETCH,3,2,32,128,4194
f,t3,33,f_128,RV_FETCH,3,2,64,128,8331
f,t3,33,f_128,RV_FETCH,3,2,96,128,12491
f,t3,33,f_128,RV_FETCH,3,2,128,128,16651
f,t3,34,f_256,RV_FETCH,3,2,32,256,8316
f,t3,34,f_256,RV_FETCH,3,2,64,256,16523
f,t3,34,f_256,RV_FETCH,3,2,96,256,24779
f,t3,34,f_256,RV_FETCH,3,2,128,256,33035
f,t3,35,f_512,RV_FETCH,3,2,32,512,16570
f,t3,35,f_512,RV_FETCH,3,2,64,512,32914
f,t3,35,f_512,RV_FETCH,3,2,96,512,49362
f,t3,35,f_512,RV_FETCH,3,2,128,512,65810
f,t3,36,f_1024,RV_FETCH,3,2,32,1024,33210
f,t3,36,f_1024,RV_FETCH,3,2,64,1024,65868
f,t3,36,f_1024,RV_FETCH,3,2,96,1024,98777
f,t3,36,f_1024,RV_FETCH,3,2,128,1024,131688
f,t3,37,f_2048,RV_FETCH,3,2,32,2048,82237
f,t3,37,f_2048,RV_FETCH,3,2,64,2048,164472
f,t3,37,f_2048,RV_FETCH,3,2,96,2048,246712
f,t3,37,f_2048,RV_FETCH,3,2,128,2048,328951
s,t1,0,loop_overhead,-,1,1,32,64,76
s,t1,0,loop_overhead,-,1,1,64,64,140
s,t1,0,loop_overhead,-,1,1,96,64,204
s,t1,0,loop_overhead,-,1,1,128,64,268
s,t1,41,s_loop_addi,TTQUEUE,1,1,4,1,14
s,t1,41,s_loop_addi,TTQUEUE,1,1,8,1,24
s,t1,41,s_loop_addi,TTQUEUE,1,1,16,1,36
s,t1,41,s_loop_addi,TTQUEUE,1,1,32,1,60
s,t1,41,s_loop_addi,TTQUEUE,1,1,64,1,108
s,t1,41,s_loop_addi,TTQUEUE,1,1,128,1,204
s,t1,41,s_loop_addi,TTQUEUE,1,1,256,1,396
s,t1,41,s_loop_addi,TTQUEUE,1,1,512,1,780
s,t1,42,s_co_plain,TTQUEUE,1,1,4,1,14
s,t1,42,s_co_plain,TTQUEUE,1,1,8,1,24
s,t1,42,s_co_plain,TTQUEUE,1,1,16,1,36
s,t1,42,s_co_plain,TTQUEUE,1,1,32,1,60
s,t1,42,s_co_plain,TTQUEUE,1,1,64,1,110
s,t1,42,s_co_plain,TTQUEUE,1,1,128,1,299
s,t1,42,s_co_plain,TTQUEUE,1,1,256,1,683
s,t1,42,s_co_plain,TTQUEUE,1,1,512,1,1451
s,t1,43,s_co_repeat,TTQUEUE,1,1,4,1,11
s,t1,43,s_co_repeat,TTQUEUE,1,1,8,1,24
s,t1,43,s_co_repeat,TTQUEUE,1,1,16,1,36
s,t1,43,s_co_repeat,TTQUEUE,1,1,32,1,60
s,t1,43,s_co_repeat,TTQUEUE,1,1,64,1,110
s,t1,43,s_co_repeat,TTQUEUE,1,1,128,1,299
s,t1,43,s_co_repeat,TTQUEUE,1,1,256,1,683
s,t1,43,s_co_repeat,TTQUEUE,1,1,512,1,1451
s,t1,44,s_co_sync,TTQUEUE,1,1,4,1,27
s,t1,44,s_co_sync,TTQUEUE,1,1,8,1,39
s,t1,44,s_co_sync,TTQUEUE,1,1,16,1,63
s,t1,44,s_co_sync,TTQUEUE,1,1,32,1,111
s,t1,44,s_co_sync,TTQUEUE,1,1,64,1,207
s,t1,44,s_co_sync,TTQUEUE,1,1,128,1,399
s,t1,44,s_co_sync,TTQUEUE,1,1,256,1,783
s,t1,44,s_co_sync,TTQUEUE,1,1,512,1,1551
s,t1,45,s_solo_plain,TTQUEUE,1,1,4,1,8
s,t1,45,s_solo_plain,TTQUEUE,1,1,8,1,22
s,t1,45,s_solo_plain,TTQUEUE,1,1,16,1,34
s,t1,45,s_solo_plain,TTQUEUE,1,1,32,1,58
s,t1,45,s_solo_plain,TTQUEUE,1,1,64,1,108
s,t1,45,s_solo_plain,TTQUEUE,1,1,128,1,297
s,t1,45,s_solo_plain,TTQUEUE,1,1,256,1,681
s,t1,45,s_solo_plain,TTQUEUE,1,1,512,1,1449
s,t1,46,s_solo_sync,TTQUEUE,1,1,4,1,33
s,t1,46,s_solo_sync,TTQUEUE,1,1,8,1,37
s,t1,46,s_solo_sync,TTQUEUE,1,1,16,1,61
s,t1,46,s_solo_sync,TTQUEUE,1,1,32,1,109
s,t1,46,s_solo_sync,TTQUEUE,1,1,64,1,205
s,t1,46,s_solo_sync,TTQUEUE,1,1,128,1,397
s,t1,46,s_solo_sync,TTQUEUE,1,1,256,1,781
s,t1,46,s_solo_sync,TTQUEUE,1,1,512,1,1549
s,t2,0,loop_overhead,-,2,0,32,64,82
s,t2,0,loop_overhead,-,2,0,64,64,140
s,t2,0,loop_overhead,-,2,0,96,64,204
s,t2,0,loop_overhead,-,2,0,128,64,268
s,t2,41,s_loop_addi,TTQUEUE,2,0,4,1,14
s,t2,41,s_loop_addi,TTQUEUE,2,0,8,1,24
s,t2,41,s_loop_addi,TTQUEUE,2,0,16,1,36
s,t2,41,s_loop_addi,TTQUEUE,2,0,32,1,60
s,t2,41,s_loop_addi,TTQUEUE,2,0,64,1,108
s,t2,41,s_loop_addi,TTQUEUE,2,0,128,1,204
s,t2,41,s_loop_addi,TTQUEUE,2,0,256,1,396
s,t2,41,s_loop_addi,TTQUEUE,2,0,512,1,780
s,t2,42,s_co_plain,TTQUEUE,2,0,4,1,14
s,t2,42,s_co_plain,TTQUEUE,2,0,8,1,24
s,t2,42,s_co_plain,TTQUEUE,2,0,16,1,36
s,t2,42,s_co_plain,TTQUEUE,2,0,32,1,60
s,t2,42,s_co_plain,TTQUEUE,2,0,64,1,200
s,t2,42,s_co_plain,TTQUEUE,2,0,128,1,584
s,t2,42,s_co_plain,TTQUEUE,2,0,256,1,1352
s,t2,42,s_co_plain,TTQUEUE,2,0,512,1,2888
s,t2,43,s_co_repeat,TTQUEUE,2,0,4,1,10
s,t2,43,s_co_repeat,TTQUEUE,2,0,8,1,24
s,t2,43,s_co_repeat,TTQUEUE,2,0,16,1,36
s,t2,43,s_co_repeat,TTQUEUE,2,0,32,1,60
s,t2,43,s_co_repeat,TTQUEUE,2,0,64,1,185
s,t2,43,s_co_repeat,TTQUEUE,2,0,128,1,566
s,t2,43,s_co_repeat,TTQUEUE,2,0,256,1,1337
s,t2,43,s_co_repeat,TTQUEUE,2,0,512,1,2873
s,t2,44,s_co_sync,TTQUEUE,2,0,4,1,30
s,t2,44,s_co_sync,TTQUEUE,2,0,8,1,48
s,t2,44,s_co_sync,TTQUEUE,2,0,16,1,93
s,t2,44,s_co_sync,TTQUEUE,2,0,32,1,183
s,t2,44,s_co_sync,TTQUEUE,2,0,64,1,375
s,t2,44,s_co_sync,TTQUEUE,2,0,128,1,756
s,t2,44,s_co_sync,TTQUEUE,2,0,256,1,1524
s,t2,44,s_co_sync,TTQUEUE,2,0,512,1,3060
s,t2,0,loop_overhead,-,2,1,32,64,76
s,t2,0,loop_overhead,-,2,1,64,64,140
s,t2,0,loop_overhead,-,2,1,96,64,204
s,t2,0,loop_overhead,-,2,1,128,64,268
s,t2,41,s_loop_addi,TTQUEUE,2,1,4,1,10
s,t2,41,s_loop_addi,TTQUEUE,2,1,8,1,24
s,t2,41,s_loop_addi,TTQUEUE,2,1,16,1,36
s,t2,41,s_loop_addi,TTQUEUE,2,1,32,1,60
s,t2,41,s_loop_addi,TTQUEUE,2,1,64,1,108
s,t2,41,s_loop_addi,TTQUEUE,2,1,128,1,204
s,t2,41,s_loop_addi,TTQUEUE,2,1,256,1,396
s,t2,41,s_loop_addi,TTQUEUE,2,1,512,1,780
s,t2,42,s_co_plain,TTQUEUE,2,1,4,1,10
s,t2,42,s_co_plain,TTQUEUE,2,1,8,1,24
s,t2,42,s_co_plain,TTQUEUE,2,1,16,1,36
s,t2,42,s_co_plain,TTQUEUE,2,1,32,1,60
s,t2,42,s_co_plain,TTQUEUE,2,1,64,1,194
s,t2,42,s_co_plain,TTQUEUE,2,1,128,1,575
s,t2,42,s_co_plain,TTQUEUE,2,1,256,1,1340
s,t2,42,s_co_plain,TTQUEUE,2,1,512,1,2873
s,t2,43,s_co_repeat,TTQUEUE,2,1,4,1,10
s,t2,43,s_co_repeat,TTQUEUE,2,1,8,1,24
s,t2,43,s_co_repeat,TTQUEUE,2,1,16,1,36
s,t2,43,s_co_repeat,TTQUEUE,2,1,32,1,60
s,t2,43,s_co_repeat,TTQUEUE,2,1,64,1,200
s,t2,43,s_co_repeat,TTQUEUE,2,1,128,1,584
s,t2,43,s_co_repeat,TTQUEUE,2,1,256,1,1352
s,t2,43,s_co_repeat,TTQUEUE,2,1,512,1,2888
s,t2,44,s_co_sync,TTQUEUE,2,1,4,1,27
s,t2,44,s_co_sync,TTQUEUE,2,1,8,1,52
s,t2,44,s_co_sync,TTQUEUE,2,1,16,1,95
s,t2,44,s_co_sync,TTQUEUE,2,1,32,1,187
s,t2,44,s_co_sync,TTQUEUE,2,1,64,1,378
s,t2,44,s_co_sync,TTQUEUE,2,1,128,1,760
s,t2,44,s_co_sync,TTQUEUE,2,1,256,1,1527
s,t2,44,s_co_sync,TTQUEUE,2,1,512,1,3063
s,t2,45,s_solo_plain,TTQUEUE,2,1,4,1,12
s,t2,45,s_solo_plain,TTQUEUE,2,1,8,1,22
s,t2,45,s_solo_plain,TTQUEUE,2,1,16,1,34
s,t2,45,s_solo_plain,TTQUEUE,2,1,32,1,58
s,t2,45,s_solo_plain,TTQUEUE,2,1,64,1,108
s,t2,45,s_solo_plain,TTQUEUE,2,1,128,1,297
s,t2,45,s_solo_plain,TTQUEUE,2,1,256,1,681
s,t2,45,s_solo_plain,TTQUEUE,2,1,512,1,1449
s,t2,46,s_solo_sync,TTQUEUE,2,1,4,1,25
s,t2,46,s_solo_sync,TTQUEUE,2,1,8,1,37
s,t2,46,s_solo_sync,TTQUEUE,2,1,16,1,61
s,t2,46,s_solo_sync,TTQUEUE,2,1,32,1,109
s,t2,46,s_solo_sync,TTQUEUE,2,1,64,1,205
s,t2,46,s_solo_sync,TTQUEUE,2,1,128,1,397
s,t2,46,s_solo_sync,TTQUEUE,2,1,256,1,781
s,t2,46,s_solo_sync,TTQUEUE,2,1,512,1,1549
s,t3,0,loop_overhead,-,3,0,32,64,76
s,t3,0,loop_overhead,-,3,0,64,64,140
s,t3,0,loop_overhead,-,3,0,96,64,204
s,t3,0,loop_overhead,-,3,0,128,64,268
s,t3,41,s_loop_addi,TTQUEUE,3,0,4,1,14
s,t3,41,s_loop_addi,TTQUEUE,3,0,8,1,24
s,t3,41,s_loop_addi,TTQUEUE,3,0,16,1,36
s,t3,41,s_loop_addi,TTQUEUE,3,0,32,1,60
s,t3,41,s_loop_addi,TTQUEUE,3,0,64,1,108
s,t3,41,s_loop_addi,TTQUEUE,3,0,128,1,204
s,t3,41,s_loop_addi,TTQUEUE,3,0,256,1,396
s,t3,41,s_loop_addi,TTQUEUE,3,0,512,1,780
s,t3,42,s_co_plain,TTQUEUE,3,0,4,1,14
s,t3,42,s_co_plain,TTQUEUE,3,0,8,1,24
s,t3,42,s_co_plain,TTQUEUE,3,0,16,1,36
s,t3,42,s_co_plain,TTQUEUE,3,0,32,1,61
s,t3,42,s_co_plain,TTQUEUE,3,0,64,1,260
s,t3,42,s_co_plain,TTQUEUE,3,0,128,1,842
s,t3,42,s_co_plain,TTQUEUE,3,0,256,1,1994
s,t3,42,s_co_plain,TTQUEUE,3,0,512,1,4298
s,t3,43,s_co_repeat,TTQUEUE,3,0,4,1,10
s,t3,43,s_co_repeat,TTQUEUE,3,0,8,1,24
s,t3,43,s_co_repeat,TTQUEUE,3,0,16,1,36
s,t3,43,s_co_repeat,TTQUEUE,3,0,32,1,61
s,t3,43,s_co_repeat,TTQUEUE,3,0,64,1,266
s,t3,43,s_co_repeat,TTQUEUE,3,0,128,1,842
s,t3,43,s_co_repeat,TTQUEUE,3,0,256,1,1994
s,t3,43,s_co_repeat,TTQUEUE,3,0,512,1,4298
s,t3,44,s_co_sync,TTQUEUE,3,0,4,1,48
s,t3,44,s_co_sync,TTQUEUE,3,0,8,1,42
s,t3,44,s_co_sync,TTQUEUE,3,0,16,1,132
s,t3,44,s_co_sync,TTQUEUE,3,0,32,1,252
s,t3,44,s_co_sync,TTQUEUE,3,0,64,1,546
s,t3,44,s_co_sync,TTQUEUE,3,0,128,1,1140
s,t3,44,s_co_sync,TTQUEUE,3,0,256,1,2268
s,t3,44,s_co_sync,TTQUEUE,3,0,512,1,4578
s,t3,0,loop_overhead,-,3,1,32,64,76
s,t3,0,loop_overhead,-,3,1,64,64,140
s,t3,0,loop_overhead,-,3,1,96,64,204
s,t3,0,loop_overhead,-,3,1,128,64,268
s,t3,41,s_loop_addi,TTQUEUE,3,1,4,1,11
s,t3,41,s_loop_addi,TTQUEUE,3,1,8,1,24
s,t3,41,s_loop_addi,TTQUEUE,3,1,16,1,36
s,t3,41,s_loop_addi,TTQUEUE,3,1,32,1,60
s,t3,41,s_loop_addi,TTQUEUE,3,1,64,1,108
s,t3,41,s_loop_addi,TTQUEUE,3,1,128,1,204
s,t3,41,s_loop_addi,TTQUEUE,3,1,256,1,396
s,t3,41,s_loop_addi,TTQUEUE,3,1,512,1,780
s,t3,42,s_co_plain,TTQUEUE,3,1,4,1,10
s,t3,42,s_co_plain,TTQUEUE,3,1,8,1,24
s,t3,42,s_co_plain,TTQUEUE,3,1,16,1,36
s,t3,42,s_co_plain,TTQUEUE,3,1,32,1,61
s,t3,42,s_co_plain,TTQUEUE,3,1,64,1,281
s,t3,42,s_co_plain,TTQUEUE,3,1,128,1,857
s,t3,42,s_co_plain,TTQUEUE,3,1,256,1,2009
s,t3,42,s_co_plain,TTQUEUE,3,1,512,1,4313
s,t3,43,s_co_repeat,TTQUEUE,3,1,4,1,10
s,t3,43,s_co_repeat,TTQUEUE,3,1,8,1,24
s,t3,43,s_co_repeat,TTQUEUE,3,1,16,1,36
s,t3,43,s_co_repeat,TTQUEUE,3,1,32,1,61
s,t3,43,s_co_repeat,TTQUEUE,3,1,64,1,281
s,t3,43,s_co_repeat,TTQUEUE,3,1,128,1,857
s,t3,43,s_co_repeat,TTQUEUE,3,1,256,1,2009
s,t3,43,s_co_repeat,TTQUEUE,3,1,512,1,4313
s,t3,44,s_co_sync,TTQUEUE,3,1,4,1,30
s,t3,44,s_co_sync,TTQUEUE,3,1,8,1,64
s,t3,44,s_co_sync,TTQUEUE,3,1,16,1,144
s,t3,44,s_co_sync,TTQUEUE,3,1,32,1,276
s,t3,44,s_co_sync,TTQUEUE,3,1,64,1,567
s,t3,44,s_co_sync,TTQUEUE,3,1,128,1,1152
s,t3,44,s_co_sync,TTQUEUE,3,1,256,1,2292
s,t3,44,s_co_sync,TTQUEUE,3,1,512,1,4599
s,t3,45,s_solo_plain,TTQUEUE,3,1,4,1,12
s,t3,45,s_solo_plain,TTQUEUE,3,1,8,1,22
s,t3,45,s_solo_plain,TTQUEUE,3,1,16,1,34
s,t3,45,s_solo_plain,TTQUEUE,3,1,32,1,58
s,t3,45,s_solo_plain,TTQUEUE,3,1,64,1,108
s,t3,45,s_solo_plain,TTQUEUE,3,1,128,1,297
s,t3,45,s_solo_plain,TTQUEUE,3,1,256,1,681
s,t3,45,s_solo_plain,TTQUEUE,3,1,512,1,1449
s,t3,46,s_solo_sync,TTQUEUE,3,1,4,1,25
s,t3,46,s_solo_sync,TTQUEUE,3,1,8,1,37
s,t3,46,s_solo_sync,TTQUEUE,3,1,16,1,61
s,t3,46,s_solo_sync,TTQUEUE,3,1,32,1,109
s,t3,46,s_solo_sync,TTQUEUE,3,1,64,1,205
s,t3,46,s_solo_sync,TTQUEUE,3,1,128,1,397
s,t3,46,s_solo_sync,TTQUEUE,3,1,256,1,781
s,t3,46,s_solo_sync,TTQUEUE,3,1,512,1,1549
s,t3,0,loop_overhead,-,3,2,32,64,76
s,t3,0,loop_overhead,-,3,2,64,64,140
s,t3,0,loop_overhead,-,3,2,96,64,204
s,t3,0,loop_overhead,-,3,2,128,64,268
s,t3,41,s_loop_addi,TTQUEUE,3,2,4,1,15
s,t3,41,s_loop_addi,TTQUEUE,3,2,8,1,24
s,t3,41,s_loop_addi,TTQUEUE,3,2,16,1,36
s,t3,41,s_loop_addi,TTQUEUE,3,2,32,1,60
s,t3,41,s_loop_addi,TTQUEUE,3,2,64,1,108
s,t3,41,s_loop_addi,TTQUEUE,3,2,128,1,204
s,t3,41,s_loop_addi,TTQUEUE,3,2,256,1,396
s,t3,41,s_loop_addi,TTQUEUE,3,2,512,1,780
s,t3,42,s_co_plain,TTQUEUE,3,2,4,1,15
s,t3,42,s_co_plain,TTQUEUE,3,2,8,1,24
s,t3,42,s_co_plain,TTQUEUE,3,2,16,1,36
s,t3,42,s_co_plain,TTQUEUE,3,2,32,1,61
s,t3,42,s_co_plain,TTQUEUE,3,2,64,1,287
s,t3,42,s_co_plain,TTQUEUE,3,2,128,1,860
s,t3,42,s_co_plain,TTQUEUE,3,2,256,1,2012
s,t3,42,s_co_plain,TTQUEUE,3,2,512,1,4316
s,t3,43,s_co_repeat,TTQUEUE,3,2,4,1,10
s,t3,43,s_co_repeat,TTQUEUE,3,2,8,1,24
s,t3,43,s_co_repeat,TTQUEUE,3,2,16,1,36
s,t3,43,s_co_repeat,TTQUEUE,3,2,32,1,61
s,t3,43,s_co_repeat,TTQUEUE,3,2,64,1,284
s,t3,43,s_co_repeat,TTQUEUE,3,2,128,1,860
s,t3,43,s_co_repeat,TTQUEUE,3,2,256,1,2012
s,t3,43,s_co_repeat,TTQUEUE,3,2,512,1,4316
s,t3,44,s_co_sync,TTQUEUE,3,2,4,1,33
s,t3,44,s_co_sync,TTQUEUE,3,2,8,1,62
s,t3,44,s_co_sync,TTQUEUE,3,2,16,1,143
s,t3,44,s_co_sync,TTQUEUE,3,2,32,1,275
s,t3,44,s_co_sync,TTQUEUE,3,2,64,1,566
s,t3,44,s_co_sync,TTQUEUE,3,2,128,1,1151
s,t3,44,s_co_sync,TTQUEUE,3,2,256,1,2291
s,t3,44,s_co_sync,TTQUEUE,3,2,512,1,4598
g,t1,0,loop_overhead,-,1,1,32,64,76
g,t1,0,loop_overhead,-,1,1,64,64,140
g,t1,0,loop_overhead,-,1,1,96,64,204
g,t1,0,loop_overhead,-,1,1,128,64,268
g,t1,47,g_1024,RV_FETCH,1,1,32,1024,33169
g,t1,47,g_1024,RV_FETCH,1,1,64,1024,65861
g,t1,47,g_1024,RV_FETCH,1,1,96,1024,98778
g,t1,47,g_1024,RV_FETCH,1,1,128,1024,131676
g,t1,48,g_1280,RV_FETCH,1,1,32,1280,47488
g,t1,48,g_1280,RV_FETCH,1,1,64,1280,94683
g,t1,48,g_1280,RV_FETCH,1,1,96,1280,142006
g,t1,48,g_1280,RV_FETCH,1,1,128,1280,189333
g,t2,0,loop_overhead,-,2,0,32,64,82
g,t2,0,loop_overhead,-,2,0,64,64,140
g,t2,0,loop_overhead,-,2,0,96,64,204
g,t2,0,loop_overhead,-,2,0,128,64,268
g,t2,47,g_1024,RV_FETCH,2,0,32,1024,33504
g,t2,47,g_1024,RV_FETCH,2,0,64,1024,65873
g,t2,47,g_1024,RV_FETCH,2,0,96,1024,98778
g,t2,47,g_1024,RV_FETCH,2,0,128,1024,131702
g,t2,48,g_1280,RV_FETCH,2,0,32,1280,47470
g,t2,48,g_1280,RV_FETCH,2,0,64,1280,94681
g,t2,48,g_1280,RV_FETCH,2,0,96,1280,142004
g,t2,48,g_1280,RV_FETCH,2,0,128,1280,189331
g,t2,0,loop_overhead,-,2,1,32,64,76
g,t2,0,loop_overhead,-,2,1,64,64,140
g,t2,0,loop_overhead,-,2,1,96,64,204
g,t2,0,loop_overhead,-,2,1,128,64,268
g,t2,47,g_1024,RV_FETCH,2,1,32,1024,33169
g,t2,47,g_1024,RV_FETCH,2,1,64,1024,65868
g,t2,47,g_1024,RV_FETCH,2,1,96,1024,98768
g,t2,47,g_1024,RV_FETCH,2,1,128,1024,131678
g,t2,48,g_1280,RV_FETCH,2,1,32,1280,47471
g,t2,48,g_1280,RV_FETCH,2,1,64,1280,94681
g,t2,48,g_1280,RV_FETCH,2,1,96,1280,142008
g,t2,48,g_1280,RV_FETCH,2,1,128,1280,189331
g,t3,0,loop_overhead,-,3,0,32,64,82
g,t3,0,loop_overhead,-,3,0,64,64,140
g,t3,0,loop_overhead,-,3,0,96,64,204
g,t3,0,loop_overhead,-,3,0,128,64,268
g,t3,47,g_1024,RV_FETCH,3,0,32,1024,33174
g,t3,47,g_1024,RV_FETCH,3,0,64,1024,65861
g,t3,47,g_1024,RV_FETCH,3,0,96,1024,98777
g,t3,47,g_1024,RV_FETCH,3,0,128,1024,131677
g,t3,48,g_1280,RV_FETCH,3,0,32,1280,47456
g,t3,48,g_1280,RV_FETCH,3,0,64,1280,94685
g,t3,48,g_1280,RV_FETCH,3,0,96,1280,142003
g,t3,48,g_1280,RV_FETCH,3,0,128,1280,189332
g,t3,0,loop_overhead,-,3,1,32,64,76
g,t3,0,loop_overhead,-,3,1,64,64,140
g,t3,0,loop_overhead,-,3,1,96,64,204
g,t3,0,loop_overhead,-,3,1,128,64,268
g,t3,47,g_1024,RV_FETCH,3,1,32,1024,33153
g,t3,47,g_1024,RV_FETCH,3,1,64,1024,65852
g,t3,47,g_1024,RV_FETCH,3,1,96,1024,98758
g,t3,47,g_1024,RV_FETCH,3,1,128,1024,131668
g,t3,48,g_1280,RV_FETCH,3,1,32,1280,47466
g,t3,48,g_1280,RV_FETCH,3,1,64,1280,94681
g,t3,48,g_1280,RV_FETCH,3,1,96,1280,142003
g,t3,48,g_1280,RV_FETCH,3,1,128,1280,189333
g,t3,0,loop_overhead,-,3,2,32,64,76
g,t3,0,loop_overhead,-,3,2,64,64,140
g,t3,0,loop_overhead,-,3,2,96,64,204
g,t3,0,loop_overhead,-,3,2,128,64,268
g,t3,47,g_1024,RV_FETCH,3,2,32,1024,33176
g,t3,47,g_1024,RV_FETCH,3,2,64,1024,65870
g,t3,47,g_1024,RV_FETCH,3,2,96,1024,98779
g,t3,47,g_1024,RV_FETCH,3,2,128,1024,131691
g,t3,48,g_1280,RV_FETCH,3,2,32,1280,47473
g,t3,48,g_1280,RV_FETCH,3,2,64,1280,94687
g,t3,48,g_1280,RV_FETCH,3,2,96,1280,142011
g,t3,48,g_1280,RV_FETCH,3,2,128,1280,189332
